title,video_id,description,published_at,view_count,comment_count
【#賀瓏夜夜秀】| 正式預告 | THE NIGHT NIGHT SHOW with HELLO Trailer,iqY0CsGQfqk,"夜夜秀回來了，賀瓏回來了！
2023 / 10 / 6 (五) 12:00 KKTIX 正式啟售
🎫 搶先查看售票頁面 👉 https://str.network/TNNSHYT
⠀
沒有抹黑、沒有洗白，只有幽默和諷刺
沒有底線、沒有包袱，只有尖銳和真實
⠀
結合新聞、脫口秀、嘉賓訪談、音樂表演
以政治事件和社會議題為主的深夜娛樂現場秀
毫不畏懼地揭露政治世界中的荒謬
⠀
台灣政治令人擔憂與憤怒
就讓《賀瓏夜夜秀》帶您從政治諷刺中找到樂趣！
＿＿​＿​​＿​​＿​​＿​​＿​​＿​​＿​​＿​​＿​​＿​​＿​​＿​​
🎙《賀瓏夜夜秀》活動資訊 🎙
￣￣￣￣￣￣￣￣￣￣￣￣￣￣
▌啟售時間：2023/10/6 (五)  12:00 啟售
🛎 訂閱開賣提醒 ➪ https://str.network/rntnns

▌錄影場次：
【EP1｜2023/10/28 19:00 】
【EP2｜2023/11/04 19:00 】
【EP3｜2023/11/18 19:00 】
【EP4｜2023/11/25 19:00 】
【EP5｜2023/12/09 19:00 】
【EP6｜2023/12/16 19:00 】
【EP7｜2023/12/30 19:00 】
【EP8｜2024/01/06 19:00 】
【EP9｜2024/01/20 19:00 】
【EP10｜2024/01/27 19:00 】

▌購票方式：KKTIX 及全台全家便利商店 FamiPort

▌ 錄影地點：壹電視攝影棚
↳ 台北市內湖區新湖二路146巷18號

▌票　價：
VIP：NT$1,500 / A區：NT$1,200 / B區：NT$1,000（分區自由入座）
⠀
🤖️​演出相關問題，STRBOT 替你解惑 ➪ https://str.network/TNNSHFAQ

-----

｜導演｜強尼
｜製片｜張致盈
｜製片助理｜張自如
｜編劇｜賀瓏

｜攝影｜強尼
｜燈光｜康家維
｜燈光助理｜張詩笛、張紹承

｜剪輯｜強尼
｜後期混音｜張孟翔
｜後期調光調色｜于長江

｜演出｜賀瓏

｜妝髮｜黑占寶號

圖片來源：維基百科

-----
⧉ #薩泰爾娛樂 ⧉
≡  商業合作請來信：business@strnetwork.cc  ≡
≡ 影片授權請來信：press@strnetwork.cc ≡
｜未經同意，請勿轉載｜

▍YouTube：https://www.youtube.com/c/STRNetworkasia
▍Facebook：https://www.facebook.com/strnetworkasia/
▍Instagram：https://www.instagram.com/str_network/",2023-10-18T10:08:12Z,235686,419
【#賀瓏夜夜秀】賀瓏主持！啟動！,ndFsZmWk49U,"改變成真，我是夜夜秀金孫，Good timing，我一定侯侯做主持！

《#賀瓏夜夜秀》夜夜秀回來了，賀瓏回來了！
🎫 票券現正熱賣中 ➪ https://str.network/TNNSHYT
🔔 訂閱活動最新消息 ➪ https://str.network/rntnns

｜導演｜賀瓏
｜製作人｜潘瑋翔
｜編劇｜老K、德礎、東區德、藍恩、品喬
｜演員｜賀瓏、Albee、吉尼丁
｜舞蹈設計｜黑妹
｜舞者｜黑妹、小俐、于萱、大貓、韓吉、冰火、阿布、無盡
｜剪輯｜強尼
｜妝髮｜黑占寶號

音樂製作
｜演唱｜賀瓏、Albee、吉尼丁
｜作詞｜賀瓏
｜作曲｜冷靜寶貝有限公司
｜混音｜冷靜寶貝有限公司
｜合音｜黃欣偉、多多

-----
⧉ #薩泰爾娛樂 ⧉
≡  商業合作請來信：business@strnetwork.cc  ≡
≡ 影片授權請來信：press@strnetwork.cc ≡
｜未經同意，請勿轉載｜

▍YouTube：https://www.youtube.com/c/STRNetworkasia
▍Facebook：https://www.facebook.com/strnetworkasia/
▍Instagram：https://www.instagram.com/str_network/",2023-10-29T11:20:23Z,637698,1230
【#賀瓏夜夜秀】10/28 新聞亂報 EP1｜藍白兩情相悅,AkI9TgX5oBU,"我姓賀，夜夜秀不分顏色，我姓賀，賴柯侯郭快來這。
﹏﹏﹏﹏﹏﹏﹏﹏﹏﹏﹏﹏
本集節目由 DeFit 贊助播出
﹋﹋﹋﹋﹋﹋﹋﹋﹋﹋﹋﹋
❤️ #DeFit x #破蛋者 🐣
立即下載 ➡️ https://bit.ly/hello_defit

⏱️ 還在等大巨蛋？不必再等了！
🌍 全世界 #百萬用戶 的走路工 APP
🕶️ 新功能「#隱蔽模式」隨時安心上路
🐣 不出門也能走 #每天200公里

《#賀瓏夜夜秀》夜夜秀回來了，賀瓏回來了！
🎫 票券現正熱賣中 ➪ https://str.network/TNNSHYT
🔔 訂閱活動最新消息 ➪ https://str.network/rntnns

｜導演｜賀瓏
｜製作人｜潘瑋翔
｜編劇｜老K、德礎、東區德、藍恩、品喬
｜演員｜賀瓏、哩賀阿嬤
｜剪輯｜強尼
｜妝髮｜黑占寶號

-----
⧉ #薩泰爾娛樂 ⧉
≡  商業合作請來信：business@strnetwork.cc  ≡
≡ 影片授權請來信：press@strnetwork.cc ≡
｜未經同意，請勿轉載｜

▍YouTube：https://www.youtube.com/c/STRNetworkasia
▍Facebook：https://www.facebook.com/strnetworkasia/
▍Instagram：https://www.instagram.com/str_network/",2023-12-18T11:53:48Z,869135,1103
【#賀瓏夜夜秀】​⁠曾博恩正式卸下夜夜秀主持棒｜@brianptseng,jFegKHj35NA,"周瑜這個稱號，交由賀瓏 @hellohorlung 來扛。

《#賀瓏夜夜秀》夜夜秀回來了，賀瓏回來了！
🎫 票券現正熱賣中 ➪ https://str.network/TNNSHYT
🔔 訂閱活動最新消息 ➪ https://str.network/rntnns

｜導演｜賀瓏
｜製作人｜潘瑋翔
｜編劇｜東區德
｜演員｜賀瓏
｜來賓｜曾博恩
｜剪輯｜強尼
｜妝髮｜黑占寶號

-----
⧉ #薩泰爾娛樂 ⧉
≡  商業合作請來信：business@strnetwork.cc  ≡
≡ 影片授權請來信：press@strnetwork.cc ≡
｜未經同意，請勿轉載｜

▍YouTube：https://www.youtube.com/c/STRNetworkasia
▍Facebook：https://www.facebook.com/strnetworkasia/
▍Instagram：https://www.instagram.com/str_network/",2023-12-18T11:54:01Z,2016951,1212
【#賀瓏夜夜秀】欸！網軍側翼,ieBdCR1XdXk,"各位夜夜秀網軍們，Facebook 搜尋「BTS代購」粉絲專頁，按讚、留言、分享！
⌨️ 成為夜夜秀網軍 ➪ https://www.facebook.com/btsshope

《#賀瓏夜夜秀》夜夜秀回來了，賀瓏回來了！
🎫 票券現正熱賣中 ➪ https://str.network/TNNSHYT
🔔 訂閱活動最新消息 ➪ https://str.network/rntnns

｜🎪薩泰爾娛樂 近期售票演出🎪｜
▌🎤 床的世界《#G8高峰會》 
➪ https://str.network/G8YT
▌🐡 喬瑟夫《#河豚》Belle’s 變裝特映派對
➪ https://str.network/fishparty

｜導演｜賀瓏
｜製作人｜潘瑋翔
｜編劇｜老K、德礎、東區德、藍恩、品喬
｜研究員｜陳庠佑、周孟璇
｜演員｜賀瓏
｜剪輯｜卜帆
｜妝髮｜黑占寶號

-----
⧉ #薩泰爾娛樂 ⧉
≡  商業合作請來信：business@strnetwork.cc  ≡
≡ 影片授權請來信：press@strnetwork.cc ≡
｜未經同意，請勿轉載｜

▍YouTube：https://www.youtube.com/c/STRNetworkasia
▍Facebook：https://www.facebook.com/strnetworkasia/
▍Instagram：https://www.instagram.com/str_network/",2023-12-18T11:54:07Z,1533634,2668
【#賀瓏夜夜秀】藍白不整合讚頌者｜吉尼丁 @jinnyding0106,ZkGtSDxx_EU,"新世代的好男人，連支持率都要AA。

《#賀瓏夜夜秀》夜夜秀回來了，賀瓏回來了！
🎫 票券現正熱賣中 ➪ https://str.network/TNNSHYT
🔔 訂閱活動最新消息 ➪ https://str.network/rntnns

｜🎪薩泰爾娛樂 近期售票演出🎪｜
▌🎤 床的世界《#G8高峰會》 
➪ https://str.network/G8YT
▌💃 喬瑟夫《河豚》Belle’s 變裝特映派對
➪ https://str.network/fishparty

｜主唱｜吉尼丁 @jinnyding0106 
｜作詞｜老K @ThatsOldKay 
｜作曲｜吉尼丁 @jinnyding0106 
｜編曲｜吉尼丁 @jinnyding0106 
｜混音｜DJ Hauer @hauerhsieh 

｜導演｜賀瓏
｜製作人｜潘瑋翔
｜演員｜吉尼丁、賀瓏
｜剪輯｜強尼

-----
⧉ #薩泰爾娛樂 ⧉
≡  商業合作請來信：business@strnetwork.cc  ≡
≡ 影片授權請來信：press@strnetwork.cc ≡
｜未經同意，請勿轉載｜

▍YouTube：https://www.youtube.com/c/STRNetworkasia
▍Facebook：https://www.facebook.com/strnetworkasia/
▍Instagram：https://www.instagram.com/str_network/",2023-12-18T11:54:38Z,483103,553
【#賀瓏夜夜秀】Toyz與超哥的愛恨情仇，超派！｜Toyz ​⁠@Toyz69、超哥 ​⁠@superpie1111,LTPKlGpMRrY,"超派！

《#賀瓏夜夜秀》夜夜秀回來了，賀瓏回來了！
🎫 票券現正熱賣中 ➪ https://str.network/TNNSHYT
🔔 訂閱活動最新消息 ➪ https://str.network/rntnns

｜🎪薩泰爾娛樂 近期售票演出🎪｜
▌🎤 床的世界《#G8高峰會》 
➪ https://str.network/G8YT

｜導演｜賀瓏
｜製作人｜潘瑋翔
｜編劇｜東區德
｜演員｜賀瓏、Albee
｜來賓｜Toyz、超哥
｜剪輯｜卜帆
｜妝髮｜黑占寶號

-----
⧉ #薩泰爾娛樂 ⧉
≡  商業合作請來信：business@strnetwork.cc  ≡
≡ 影片授權請來信：press@strnetwork.cc ≡
｜未經同意，請勿轉載｜

▍YouTube：https://www.youtube.com/c/STRNetworkasia
▍Facebook：https://www.facebook.com/strnetworkasia/
▍Instagram：https://www.instagram.com/str_network/",2023-12-18T11:54:45Z,2153037,3753
【#賀瓏夜夜秀】11/4 新聞亂報 EP2｜藍白誰攻誰受？,tG9lyq9KkR0,"《如果60歲還在找工作，似乎就能成為台灣總統？》

歐洲最熱銷的德國Emma床墊
\ 提供100天免費試睡 /
全球累計賣出超過600萬張
全台免運費、免費到府安裝🚚
現在 Emma 官網還有雙十一 5 折優惠
用折扣碼【 nightnightshow 】額外再 9 折，還不快下單！
👉 https://links.emma-sleep.com.tw/nightnightshow
#德國Emma #emma床墊

【Dr.情趣】雙11狂購節🔥
讓你買到手軟，玩到腿軟
現在下單再抽PS5 🎮
🛒 https://drqqtoys.tw/DnykZ
#dr情趣 #雙十一

《#賀瓏夜夜秀》夜夜秀回來了，賀瓏回來了！
🎫 票券現正熱賣中 ➪ https://str.network/TNNSHYT
🔔 訂閱活動最新消息 ➪ https://str.network/rntnns

｜🎪薩泰爾娛樂 近期售票演出🎪｜
▌🎤 床的世界《#G8高峰會》 
➪ https://str.network/G8YT

｜導演｜賀瓏
｜製作人｜潘瑋翔
｜編劇｜老K、德礎、東區德、藍恩、品喬
｜演員｜賀瓏、Albee
｜剪輯｜強尼
｜妝髮｜黑占寶號

-----
⧉ #薩泰爾娛樂 ⧉
≡  商業合作請來信：business@strnetwork.cc  ≡
≡ 影片授權請來信：press@strnetwork.cc ≡
｜未經同意，請勿轉載｜

▍YouTube：https://www.youtube.com/c/STRNetworkasia
▍Facebook：https://www.facebook.com/strnetworkasia/
▍Instagram：https://www.instagram.com/str_network/",2023-12-18T11:54:52Z,744356,1175
【#賀瓏夜夜秀】​⁠Toyz vs 超哥 火烤對決 Roast Battle｜​⁠@Toyz69 ​⁠@superpie1111,ohRDIvLZeEo,"我不相信！ 

《#賀瓏夜夜秀》夜夜秀回來了，賀瓏回來了！
🎫 票券現正熱賣中 ➪ https://str.network/TNNSHYT
🔔 訂閱活動最新消息 ➪ https://str.network/rntnns

｜🎪薩泰爾娛樂 近期售票演出🎪｜
▌🎤 床的世界《#G8高峰會》 
➪ https://str.network/G8YT

｜導演｜賀瓏
｜製作人｜潘瑋翔
｜編劇｜老K
｜演員｜賀瓏
｜來賓｜Toyz、超哥
｜剪輯｜強尼
｜妝髮｜黑占寶號

-----
⧉ #薩泰爾娛樂 ⧉
≡  商業合作請來信：business@strnetwork.cc  ≡
≡ 影片授權請來信：press@strnetwork.cc ≡
｜未經同意，請勿轉載｜

▍YouTube：https://www.youtube.com/c/STRNetworkasia
▍Facebook：https://www.facebook.com/strnetworkasia/
▍Instagram：https://www.instagram.com/str_network/",2023-12-18T11:54:58Z,807548,1092
【#賀瓏夜夜秀】全明星床上運動會 ft. 黃沐妍小豬、梓梓@zntv5409、Peeta葛格@peetagege、High咖-邱志恒@high0704、曾博恩@brianptseng、徐展元,d0BENFvlQ7A,"好好健身
﹏﹏﹏﹏﹏﹏﹏﹏﹏﹏﹏﹏﹏﹏   
本集影片由   杜蕾斯   邀約製作   
﹋﹋﹋﹋﹋﹋﹋﹋﹋﹋﹋﹋﹋﹋   
\ 杜蕾斯 X 薩泰爾 /
聯名打造「愛愛健身環套組」
#13種激情床上暖身運動 結合 #卡路里計算
立即進入遊戲網站 👉 https://skyurl.cc/cQcGS8Y

❤️一邊愛愛 一邊健身 ❤️
🔥#用我愛你戰勝卡路里🔥
 
🛒限量套組官網及指定通路熱賣中 
▌杜蕾斯官方旗艦店：https://skyurl.cc/t25SXQt 
▌屈臣氏： https://skyurl.cc/tSaQOXC 
▌康是美：https://skyurl.cc/ttQjXSC 
▌momo購物網：https://skyurl.cc/HQSt7XA 
▌PChome：https://skyurl.cc/Q7XSvrt 
▌Yahoo：https://skyurl.cc/vXtLQES 
*組合內容依各通路公告為準

#杜蕾斯 #Durex #DurexTaiwan 
#用我愛你戰勝卡路里 #杜蕾斯愛愛健身環套組

-----

｜導演｜強尼
｜製作人｜張致盈
｜製作助理｜陳奕瑋、劉俊麟
｜編劇｜賀瓏 
｜業務經理｜劉庭妤

｜攝影｜強尼、林侑陞、蔡旻樵、康家維
｜剪輯｜強尼 
｜動畫製作｜強尼
｜收音師｜廖邦儒
｜收音助理｜曹禹辰
｜後期混音｜深音音樂有限公司

｜主播｜徐展元
｜選手｜賀瓏、曾博恩、黃沐妍小豬、梓梓、Peeta葛格、High咖-邱志恒

｜妝髮｜黑占寶號 

｜特別感謝｜床的世界

-----
⧉ #薩泰爾娛樂 ⧉
≡  商業合作請來信：business@strnetwork.cc  ≡
≡ 影片授權請來信：press@strnetwork.cc ≡
｜未經同意，請勿轉載｜

▍YouTube：https://www.youtube.com/c/STRNetworkasia
▍Facebook：https://www.facebook.com/strnetworkasia/
▍Instagram：https://www.instagram.com/str_network/",2023-12-18T11:55:04Z,565571,531
【#賀瓏夜夜秀】欸！外役監,Juhe0XsyOV0,"宜蘭監獄的受刑人們，先不要申請假釋，等我明年去表演！

《#賀瓏夜夜秀》夜夜秀回來了，賀瓏回來了！
🎫 票券現正熱賣中 ➪ https://str.network/TNNSHYT
🔔 訂閱活動最新消息 ➪ https://str.network/rntnns

｜🎪薩泰爾娛樂 近期售票演出🎪｜
▌🎤 床的世界《#G8高峰會》 
➪ https://str.network/G8YT

｜導演｜賀瓏
｜製作人｜潘瑋翔
｜編劇｜藍恩、德礎、老Ｋ
｜研究員｜陳庠佑、周孟璇
｜演員｜賀瓏
｜舞者｜韓吉、小白、彥甫、阿霖、冰火
｜剪輯｜卜帆
｜妝髮｜黑占寶號

音樂製作
｜作曲｜Suma
｜作詞｜Suma 
｜演唱｜Suma
｜混音｜Suma

-----
⧉ #薩泰爾娛樂 ⧉
≡  商業合作請來信：business@strnetwork.cc  ≡
≡ 影片授權請來信：press@strnetwork.cc ≡
｜未經同意，請勿轉載｜

▍YouTube：https://www.youtube.com/c/STRNetworkasia
▍Facebook：https://www.facebook.com/strnetworkasia/
▍Instagram：https://www.instagram.com/str_network/",2023-12-18T11:55:10Z,1224037,1787
【#賀瓏夜夜秀】瑪卡瓏英雄｜廠商一次過 ft.許藍方博士 Dr. Gracie @DrGracie,SG_nO8-BDUQ,"能力越大，責任越大，下面越大。

﹏﹏﹏﹏﹏﹏﹏﹏﹏﹏﹏﹏﹏﹏﹏
本集影片由 可樂研究社 邀約製作
﹋﹋﹋﹋﹋﹋﹋﹋﹋﹋﹋﹋﹋﹋﹋
#許藍方 博士親自研發 🥼
可樂研究社 @colaresearchclub 
獨家發售【極致黑G瑪卡】

\ 讓你擁有瑪卡瓏的天生神力 /
不論白天夜晚都能活力充沛 ✨

你也想變身瑪卡瓏嗎？
點擊下方連結，一起成為 maca Long
➠ https://colaresearchclubs.com/strmaca

《#賀瓏夜夜秀》夜夜秀回來了，賀瓏回來了！
🎫 票券現正熱賣中 ➪ https://str.network/TNNSHYT
🔔 訂閱活動最新消息 ➪ https://str.network/rntnns

｜🎪薩泰爾娛樂 近期售票演出🎪｜
▌🎤 床的世界《#G8高峰會》 
➪ https://str.network/G8YT

｜導演｜詹彬
｜製作人｜陳奕瑋
｜執行製作｜康家維、張致盈
｜編劇｜賀瓏、東區德
｜業務經理｜陳振彥

｜攝影｜詹彬
｜攝影助理｜康家維
｜剪輯｜詹彬

｜妝髮造型｜黑占寶號 
｜演出｜賀瓏、Lion、凱文、黃馨、東區德、周一凡、Tiny（胎尼）

｜特別演出｜許藍方

-----
⧉ #薩泰爾娛樂 ⧉
≡  商業合作請來信：business@strnetwork.cc  ≡
≡ 影片授權請來信：press@strnetwork.cc ≡
｜未經同意，請勿轉載｜

▍YouTube：https://www.youtube.com/c/STRNetworkasia
▍Facebook：https://www.facebook.com/strnetworkasia/
▍Instagram：https://www.instagram.com/str_network/",2023-12-18T11:55:15Z,341619,390
【#賀瓏夜夜秀】#酸民百萬富翁｜曾博恩 @brianptseng,yaXS1JS3rpE,"某某嘴臉噁心，請問他對國家社會有什麼貢獻？
﹏﹏﹏﹏﹏﹏﹏﹏﹏﹏﹏﹏﹏
本集節目由 犀牛盾 贊助播出
﹋﹋﹋﹋﹋﹋﹋﹋﹋﹋﹋﹋﹋
慶祝亞洲最大購物盛事雙11購物節
超強防摔磁吸配件品牌犀牛盾
罕見祭出低至「7折」限時優惠，與你一同狂歡 🎉

📅 活動期間：即日起～本週日 11/12
▌優惠第一重 ✨
於犀牛盾官網選購任意商品超過 NT$1500
於結帳頁輸入【犀牛盾雙十一八折】輕鬆享「8折」優惠。

▌優惠第二重 ✨
無圖案類單品結帳金額滿$3000，輸入【犀牛盾雙十一七折】
可享有低至「7折」的超強折扣

千萬把握全年最猛優惠！
即刻入手 GRIP O 搭配MagSafe 手機殼
有感升級防摔磁吸配件 👉 https://url.rhinoshield.tw/strhello-d11 

⚠️ 單筆訂單限使用1組折扣碼，且7折優惠限適用於「無圖案商品」
若選擇有圖案商品建議與無圖案商品分為 2 筆各自下單湊滿額享有最划算折扣

《#賀瓏夜夜秀》夜夜秀回來了，賀瓏回來了！
🎫 票券現正熱賣中 ➪ https://str.network/TNNSHYT
🔔 訂閱活動最新消息 ➪ https://str.network/rntnns

｜🎪薩泰爾娛樂 近期售票演出🎪｜
▌🎤 床的世界《#G8高峰會》 
➪ https://str.network/G8YT

｜✨薩泰爾娛樂官網 近期新片✨｜
喬瑟夫 2023 《#河豚》單口喜劇巡迴 線上版
✸ 現在下單最划算 ➪ https://str.network/F03iy

｜導演｜賀瓏
｜製作人｜潘瑋翔
｜編劇｜德礎
｜演員｜賀瓏、曾博恩
｜剪輯｜強尼
｜動畫製作｜強尼
｜妝髮｜黑占寶號

-----
⧉ #薩泰爾娛樂 ⧉
≡  商業合作請來信：business@strnetwork.cc  ≡
≡ 影片授權請來信：press@strnetwork.cc ≡
｜未經同意，請勿轉載｜

▍YouTube：https://www.youtube.com/c/STRNetworkasia
▍Facebook：https://www.facebook.com/strnetworkasia/
▍Instagram：https://www.instagram.com/str_network/",2023-12-18T11:55:37Z,1432837,767
【#賀瓏夜夜秀】中國配偶女子讚頌者｜吉尼丁 @jinnyding0106,4_eTFF98S7g,"快樂的中國姑娘在台灣。

《#賀瓏夜夜秀》夜夜秀回來了，賀瓏回來了！
🎫 票券現正熱賣中 ➪ https://str.network/TNNSHYT
🔔 訂閱活動最新消息 ➪ https://str.network/rntnns

｜🎪薩泰爾娛樂 近期售票演出🎪｜
▌🎤 床的世界《#G8高峰會》 
➪ https://str.network/G8YT
⠀
｜✨薩泰爾娛樂官網 近期新片✨｜
🐡 喬瑟夫 2023 《#河豚》單口喜劇巡迴
首月優惠只要 299 元 ➪ https://str.network/fishonyt

｜主唱｜吉尼丁 @jinnyding0106 
｜作詞｜老Ｋ @ThatsOldKay 
｜作曲｜吉尼丁 @jinnyding0106 、DJ Hauer @hauerhsieh 
｜編曲｜吉尼丁 @jinnyding0106  、DJ Hauer  @hauerhsieh 
｜混音｜DJ Hauer @hauerhsieh 
｜演出｜賀瓏、吉尼丁、老K、德礎

-----
⧉ #薩泰爾娛樂 ⧉
≡  商業合作請來信：business@strnetwork.cc  ≡
≡ 影片授權請來信：press@strnetwork.cc ≡
｜未經同意，請勿轉載｜

▍YouTube：https://www.youtube.com/c/STRNetworkasia
▍Facebook：https://www.facebook.com/strnetworkasia/
▍Instagram：https://www.instagram.com/str_network/",2023-12-18T11:55:44Z,690308,991
【#賀瓏夜夜秀】薩小舞台：壯壯,A883vWTshI8,"時間管理大師

《#賀瓏夜夜秀》夜夜秀回來了，賀瓏回來了！
🎫 票券現正熱賣中 ➪ https://str.network/TNNSHYT
🔔 訂閱活動最新消息 ➪ https://str.network/rntnns

｜🎪薩泰爾娛樂 近期售票演出🎪｜
▌🎤 床的世界《#G8高峰會》 
➪ https://str.network/G8YT
⠀
｜✨薩泰爾娛樂官網 近期新片✨｜
🐡 喬瑟夫 2023 《#河豚》單口喜劇巡迴
首月優惠只要 299 元 ➪ https://str.network/fishonyt

｜導演｜賀瓏 
｜製作人｜潘瑋翔 Hawkins
｜編劇｜壯壯 @strong.strong 
｜演員｜賀瓏
｜來賓｜壯壯 @strong.strong 
｜剪接｜卜帆
｜妝髮｜黑占寶號

-----
⧉ #薩泰爾娛樂 ⧉
≡  商業合作請來信：business@strnetwork.cc  ≡
≡ 影片授權請來信：press@strnetwork.cc ≡
｜未經同意，請勿轉載｜


▍YouTube：https://www.youtube.com/c/STRNetworkasia
▍Facebook：https://www.facebook.com/strnetworkasia/
▍Instagram：https://www.instagram.com/str_network/",2023-12-18T11:55:50Z,322795,627
【#賀瓏夜夜秀】白瑜、簡少年 的東西方命理通靈之戰！｜@nasca88  @iletyou888,-r8CGDsawi8,"屬雞的小心了

｜🎪薩泰爾娛樂 近期售票演出🎪｜
▌🎤 床的世界《#G8高峰會》 
➪ https://str.network/G8YT
⠀
｜✨薩泰爾娛樂官網 近期新片✨｜
🐡 喬瑟夫 2023 《#河豚》單口喜劇巡迴
首月優惠只要 299 元 ➪ https://str.network/fishonyt

✯ 白瑜的全方位占星學 ✯
☽ 10小時、79單元的課程內容帶你全方位解讀自我星盤
☽ 學會合盤進階技巧，理解與他人的關係與未來走向
☽ 透析流年流月的觀測，理解行星動態變化與個人運勢的關係
☽ 流年表格、占星公式，讓占星學成為實用的人生決策工具

👉 限時低於4折，越早買越划算！
👉 結帳輸入折扣碼「hello300」即可再折300元！
🔎 https://hi.sat.cool/elS8S

｜導演｜賀瓏 
｜製作人｜潘瑋翔
｜編劇｜東區德
｜演員｜賀瓏、Albee 
｜來賓｜簡少年、白瑜 
｜剪輯｜強尼
｜妝髮｜黑占寶號

-----
⧉ #薩泰爾娛樂 ⧉
≡  商業合作請來信：business@strnetwork.cc  ≡
≡ 影片授權請來信：press@strnetwork.cc ≡
｜未經同意，請勿轉載｜


▍YouTube：https://www.youtube.com/c/STRNetworkasia
▍Facebook：https://www.facebook.com/strnetworkasia/
▍Instagram：https://www.instagram.com/str_network/",2023-12-18T11:55:56Z,670153,1024
【#賀瓏夜夜秀】#酸民百萬富翁｜酷炫 @bored_raccoon_kevin,ntoxay-YM2g,"某某真的超低能看到必轉台根本瘋子
⠀
歐洲最熱銷的德國 Emma 床墊 🛏️
提供 100 天免費試睡
全球累計賣出超過 600 萬張
\ 全台免運費、免費到府安裝 /
⠀
現在 Emma 官網還有黑五 5 折優惠
用折扣碼【 nightnightshow 】額外再 9 折，還不快下單🛒
立即下單 👉🏻 https://links.emma-sleep.com.tw/nightnightshow
⠀
#Emma床墊 #喚醒最好的自己 #emma床墊100日試睡 #德國Emma
⠀
｜🎪薩泰爾娛樂 近期售票演出🎪｜
▌🎤 床的世界《#G8高峰會》 
➪ https://str.network/G8YT
⠀
｜✨薩泰爾娛樂官網 近期新片✨｜
🐡 喬瑟夫 2023 《#河豚》單口喜劇巡迴
首月優惠只要 299 元 ➪ https://str.network/fishonyt
⠀
｜導演｜賀瓏 
｜製作人｜潘瑋翔
｜編劇｜德礎
｜演員｜賀瓏
｜來賓｜ 酷炫
｜剪輯｜ 強尼
｜動畫製作｜強尼
｜妝髮｜黑占寶號
⠀
-----
⧉ #薩泰爾娛樂 ⧉
≡  商業合作請來信：business@strnetwork.cc  ≡
≡ 影片授權請來信：press@strnetwork.cc ≡
｜未經同意，請勿轉載｜
-----
▍YouTube：https://www.youtube.com/c/STRNetworkasia
▍Facebook：https://www.facebook.com/strnetworkasia/
▍Instagram：https://www.instagram.com/str_network/",2023-12-18T11:56:02Z,715410,461
【#賀瓏夜夜秀】11/18 新聞亂報 EP3｜沒想到有今天吧,--ohf-4sRu8,"1.9%＞6％

﹏﹏﹏﹏﹏﹏﹏﹏﹏﹏﹏﹏﹏﹏﹏﹏﹏
本集影片由 德國 Emma 床墊 邀約製作
﹋﹋﹋﹋﹋﹋﹋﹋﹋﹋﹋﹋﹋﹋﹋﹋﹋
歐洲最熱銷的德國 Emma 床墊 🛏️
提供 100 天免費試睡
全球累計賣出超過 600 萬張
\ 全台免運費、免費到府安裝 /
⠀
現在 Emma 官網還有黑五 5 折優惠
用折扣碼【 nightnightshow 】額外再 9 折，還不快下單🛒
立即下單 👉🏻 https://links.emma-sleep.com.tw/nightnightshow

#Emma床墊 #喚醒最好的自己 #emma床墊100日試睡 #德國Emma

｜🎪薩泰爾娛樂 近期售票演出🎪｜
▌🎤 床的世界《#G8高峰會》 
➪ https://str.network/G8YT
⠀
｜✨薩泰爾娛樂官網 近期新片✨｜
🐡 喬瑟夫 2023 《#河豚》單口喜劇巡迴
首月優惠只要 299 元 ➪ https://str.network/fishonyt

｜導演｜賀瓏
｜製作人｜潘瑋翔
｜編劇｜老K、德礎、東區德、藍恩、品喬
｜演員｜賀瓏、Albee
｜剪輯｜強尼
｜妝髮｜黑占寶號

-----
⧉ #薩泰爾娛樂 ⧉
≡  商業合作請來信：business@strnetwork.cc  ≡
≡ 影片授權請來信：press@strnetwork.cc ≡
｜未經同意，請勿轉載｜

▍YouTube：https://www.youtube.com/c/STRNetworkasia
▍Facebook：https://www.facebook.com/strnetworkasia/
▍Instagram：https://www.instagram.com/str_network/",2023-12-18T11:56:09Z,830043,998
【#賀瓏夜夜秀】大巨蛋讚頌者｜吉尼丁 @jinnyding0106,m_iLPJMgLLI,"台北的驕傲大巨蛋，人民最缺的一顆蛋。

｜✨臺北喜劇節 演出資訊📄｜
▌節目搶先看 ➪ https://str.network/comedyfestival

｜🎪薩泰爾娛樂 近期售票演出🎪｜
▌🎤 床的世界《#G8高峰會》 
➪ https://str.network/G8YT
⠀
｜✨薩泰爾娛樂官網 近期新片✨｜
🐡 喬瑟夫 2023 《#河豚》單口喜劇巡迴
首月優惠只要 299 元 ➪ https://str.network/fishonyt

｜導演｜賀瓏
｜製作人｜潘瑋翔
｜演員｜吉尼丁、賀瓏、藍恩、德礎
｜剪輯｜強尼
｜妝髮｜黑占寶號

音樂製作
｜演唱｜吉尼丁
｜作詞｜老K @ThatsOldKay  、DJ Hauer @hauerhsieh 
｜作曲｜吉尼丁
｜編曲｜吉尼丁 、DJ Hauer
｜混音｜DJ Hauer
｜合音｜DJ Hauer

-----
⧉ #薩泰爾娛樂 ⧉
≡  商業合作請來信：business@strnetwork.cc  ≡
≡ 影片授權請來信：press@strnetwork.cc ≡
｜未經同意，請勿轉載｜


▍YouTube：https://www.youtube.com/c/STRNetworkasia
▍Facebook：https://www.facebook.com/strnetworkasia/
▍Instagram：https://www.instagram.com/str_network/",2023-12-18T11:56:14Z,395100,547
【#賀瓏夜夜秀】高嘉瑜 唱歌是為了認知作戰,HAFCGFTHPCg,"高嘉瑜封麥之前最後的演唱會

本集演唱會錄製時間｜2023/11/18（六）
⠀
｜🎪薩泰爾娛樂 近期售票演出🎪｜
▌🎤 床的世界《#G8高峰會》 
➪ https://str.network/G8YT
⠀
｜✨薩泰爾娛樂官網 近期新片✨｜
🐡 喬瑟夫 2023 《#河豚》單口喜劇巡迴
首月優惠只要 299 元 ➪ https://str.network/fishonyt

｜導演｜賀瓏
｜製作人｜潘瑋翔
｜編劇｜德礎
｜演員｜賀瓏、Albee
｜來賓｜高嘉瑜
｜剪輯｜強尼
｜妝髮｜黑占寶號

-----
⧉ #薩泰爾娛樂 ⧉
≡  商業合作請來信：business@strnetwork.cc  ≡
≡ 影片授權請來信：press@strnetwork.cc ≡
｜未經同意，請勿轉載｜

▍YouTube：https://www.youtube.com/c/STRNetworkasia
▍Facebook：https://www.facebook.com/strnetworkasia/
▍Instagram：https://www.instagram.com/str_network/",2023-12-18T11:56:47Z,670368,1689
【#賀瓏夜夜秀】欸！大麻,u4CsD_nzcEA,"Dcard 的免費仔們請不要退訂我。
⠀
｜🎪薩泰爾娛樂 近期售票演出🎪｜
▌🖐️ GIVE ME FIVE｜23位喜劇演員的拼盤秀
即將完售 ➪ https://str.network/GMF
⠀
▌🎤 床的世界《#G8高峰會》 
➪ https://str.network/G8YT
⠀
｜✨薩泰爾娛樂官網 近期新片✨｜
🐡 喬瑟夫 2023 《#河豚》單口喜劇巡迴
首月優惠只要 299 元 ➪ https://str.network/fishonyt
⠀
｜導演｜賀瓏
｜製作人｜潘瑋翔
｜編劇｜老K、德礎、東區德、藍恩、品喬
｜研究員｜陳庠佑、周孟璇
｜演員｜賀瓏
｜剪輯｜卜帆
｜妝髮｜黑占寶號
⠀
-----
⧉ #薩泰爾娛樂 ⧉
≡  商業合作請來信：business@strnetwork.cc  ≡
≡ 影片授權請來信：press@strnetwork.cc ≡
｜未經同意，請勿轉載｜

▍YouTube：https://www.youtube.com/c/STRNetworkasia
▍Facebook：https://www.facebook.com/strnetworkasia/
▍Instagram：https://www.instagram.com/str_network/",2023-12-18T11:56:53Z,2031259,1447
【#賀瓏夜夜秀】#酸民百萬富翁｜高嘉瑜,RKVNrqvXGcs,"裝神弄鬼，胡說八道，某某不覺得自己說謊？
﹏﹏﹏﹏﹏﹏﹏﹏﹏﹏﹏﹏﹏ 
本集節目由 犀牛盾 贊助播出 
﹋﹋﹋﹋﹋﹋﹋﹋﹋﹋﹋﹋﹋ 
犀牛盾 GRIP O MagSafe 兼容系列
擁有獨家專利結構，能夠快速開啟和展開

藉由獨特的磁吸技術使 MagSafe 磁吸力
達蘋果手機原廠 2 倍確保支架牢固吸附
大幅降低手機掉落的風險
集結了輕巧與多功能於一身🤳

犀牛盾提供豐富的手機防護周邊可以挑選
現在選購犀牛盾手機殼可享保護貼最低 3.5 折的優惠
歡迎點選下方資訊欄到官方網站逛逛 🛒
https://url.rhinoshield.tw/str-hello-night2show 

｜🎪薩泰爾娛樂 近期售票演出🎪｜
▌🖐️ GIVE ME FIVE｜23位喜劇演員的拼盤秀
即將完售 ➪ https://str.network/GMF
⠀
▌🎤 床的世界《#G8高峰會》 
➪ https://str.network/G8YT
⠀
｜✨薩泰爾娛樂官網 近期新片✨｜
🐡 喬瑟夫 2023 《#河豚》單口喜劇巡迴
首月優惠只要 299 元 ➪ https://str.network/fishonyt

｜導演｜賀瓏
｜製作人｜潘瑋翔
｜編劇｜德礎
｜演員｜賀瓏、Albee
｜來賓｜高嘉瑜
｜剪輯｜強尼
｜動畫製作｜強尼
｜妝髮｜黑占寶號

-----
⧉ #薩泰爾娛樂 ⧉
≡  商業合作請來信：business@strnetwork.cc  ≡
≡ 影片授權請來信：press@strnetwork.cc ≡
｜未經同意，請勿轉載｜


▍YouTube：https://www.youtube.com/c/STRNetworkasia
▍Facebook：https://www.facebook.com/strnetworkasia/
▍Instagram：https://www.instagram.com/str_network/",2023-12-18T11:57:00Z,763796,1016
【#賀瓏夜夜秀】11/25 新聞亂報 EP4｜你也可以不同意啊,wb9jYFbSjO4,"2538 😑
﹏﹏﹏﹏﹏﹏﹏﹏﹏﹏﹏﹏﹏﹏﹏﹏﹏
本集影片由 德國 Emma 床墊 邀約製作
﹋﹋﹋﹋﹋﹋﹋﹋﹋﹋﹋﹋﹋﹋﹋﹋﹋
歐洲最熱銷的德國Emma
床墊提供100天免費試睡
全台免運費、免費到府安裝
Emma官網黑五折扣，購買床墊+記憶枕直接下殺5折！
折扣碼【 nightnightshow 】額外再9折
立即下單 👉🏻 https://links.emma-sleep.com.tw/nightnightshow

#Emma床墊 #喚醒最好的自己
#emma床墊100日試睡#德國Emma

｜🎪薩泰爾娛樂 近期售票演出🎪｜
▌🖐️ GIVE ME FIVE｜23位喜劇演員的拼盤秀
即將完售 ➪ https://str.network/GMF
⠀
▌🎤 床的世界《#G8高峰會》 
➪ https://str.network/G8YT
⠀
｜✨薩泰爾娛樂官網 近期新片✨｜
▌《曾博恩：破蛋之路》正式上架
🔴 首月、團購優惠正式開跑 ➟ https://str.network/U3t33

▌喬瑟夫 2023 《#河豚》單口喜劇巡迴 🐡
首月優惠 299 元 ➪ https://str.network/fishonyt

｜導演｜賀瓏
｜製作人｜潘瑋翔
｜編劇｜老K、德礎、東區德、藍恩、品喬
｜演員｜賀瓏、Albee
｜剪輯｜強尼
｜妝髮｜黑占寶號

-----
⧉ #薩泰爾娛樂 ⧉
≡  商業合作請來信：business@strnetwork.cc  ≡
≡ 影片授權請來信：press@strnetwork.cc ≡
｜未經同意，請勿轉載｜

▍YouTube：https://www.youtube.com/c/STRNetworkasia
▍Facebook：https://www.facebook.com/strnetworkasia/
▍Instagram：https://www.instagram.com/str_network/",2023-11-26T12:13:17Z,908361,1470
【#賀瓏夜夜秀】吳欣岱 煎魚料理小教室,YM7IJWZvVaA,"港湖區的好料理（？）

｜✨臺北喜劇節 演出資訊📄｜
▌節目搶先看 ➪ https://str.network/comedyfestival

｜🎪薩泰爾娛樂 近期售票演出🎪｜
▌🖐️ GIVE ME FIVE｜23位喜劇演員的拼盤秀
即將完售 ➪ https://str.network/GMF

▌🎤 床的世界《#G8高峰會》 
➪ https://str.network/G8YT
⠀
｜✨薩泰爾娛樂官網 近期新片✨｜
▌《曾博恩：破蛋之路》正式上架
🔴 首月、團購優惠正式開跑 ➟ https://str.network/U3t33

▌喬瑟夫 2023 《#河豚》單口喜劇巡迴 🐡
首月優惠 299 元 ➪ https://str.network/fishonyt

｜導演｜賀瓏 
｜製作人｜潘瑋翔 
｜編劇｜賀瓏
｜演員｜賀瓏
｜來賓｜吳欣岱
｜剪輯｜卜帆
｜妝髮｜黑占寶號

VCR
｜導演｜賈立傑 
｜製作人｜陳奕瑋 
｜執行製作｜黃子綾
｜編劇｜賀瓏 

｜攝影｜賈立傑、康家維、連冠宏
｜剪輯｜賈立傑
｜演出｜賀瓏、吳欣岱

-----
⧉ #薩泰爾娛樂 ⧉
≡  商業合作請來信：business@strnetwork.cc  ≡
≡ 影片授權請來信：press@strnetwork.cc ≡
｜未經同意，請勿轉載｜


▍YouTube：https://www.youtube.com/c/STRNetworkasia
▍Facebook：https://www.facebook.com/strnetworkasia/
▍Instagram：https://www.instagram.com/str_network/",2023-12-18T11:57:10Z,367834,890
【#賀瓏夜夜秀】政黨不分區立法委員饒舌歌,RbiqmYxeVxk,"Damnnnnn！

｜🎪薩泰爾娛樂 近期售票演出🎪｜
▌🖐️ GIVE ME FIVE｜23位喜劇演員的拼盤秀
即將完售 ➪ https://str.network/GMF

▌🎤 床的世界《#G8高峰會》 
➪ https://str.network/G8YT
⠀
｜✨薩泰爾娛樂官網 近期新片✨｜
▌《曾博恩：破蛋之路》正式上架
🔴 首月、團購優惠正式開跑 ➟ https://str.network/U3t33

▌喬瑟夫 2023 《#河豚》單口喜劇巡迴 🐡
首月優惠 299 元 ➪ https://str.network/fishonyt

｜導演｜賀瓏
｜製作人｜潘瑋翔
｜編劇｜藍恩、品喬 
｜演員｜賀瓏
｜來賓｜黃國昌
｜剪輯｜強尼
｜妝髮｜黑占寶號

-----
⧉ #薩泰爾娛樂 ⧉
≡  商業合作請來信：business@strnetwork.cc  ≡
≡ 影片授權請來信：press@strnetwork.cc ≡
｜未經同意，請勿轉載｜

▍YouTube：https://www.youtube.com/c/STRNetworkasia
▍Facebook：https://www.facebook.com/strnetworkasia/
▍Instagram：https://www.instagram.com/str_network/",2023-12-18T11:57:17Z,536924,590
【#賀瓏夜夜秀】薩小舞台：微笑丹尼,TJS4Yd0O-RI,"所以咧？怪我囉？

｜🎪薩泰爾娛樂 近期售票演出🎪｜
▌🖐️ GIVE ME FIVE｜23位喜劇演員的拼盤秀
即將完售 ➪ https://str.network/GMF

▌🎤 床的世界《#G8高峰會》 
➪ https://str.network/G8YT
⠀
｜✨薩泰爾娛樂官網 近期新片✨｜
▌《曾博恩：破蛋之路》正式上架
🔴 首月、團購優惠正式開跑 ➟ https://str.network/U3t33

▌喬瑟夫 2023 《#河豚》單口喜劇巡迴 🐡
首月優惠 299 元 ➪ https://str.network/fishonyt

｜導演｜賀瓏 
｜製作人｜潘瑋翔 
｜編劇｜微笑丹尼 
｜演員｜賀瓏 
｜來賓｜ 微笑丹尼
｜剪輯｜ 強尼
｜妝髮｜黑占寶號

-----
⧉ #薩泰爾娛樂 ⧉
≡  商業合作請來信：business@strnetwork.cc  ≡
≡ 影片授權請來信：press@strnetwork.cc ≡
｜未經同意，請勿轉載｜

▍YouTube：https://www.youtube.com/c/STRNetworkasia
▍Facebook：https://www.facebook.com/strnetworkasia/
▍Instagram：https://www.instagram.com/str_network/",2023-12-18T11:57:22Z,308969,562
【#賀瓏夜夜秀】欸！吹哨者,-_NQPumw450,"賴清德，你好像還欠我們一個東西耶～

｜🎪薩泰爾娛樂 近期售票演出🎪｜
▌🖐️ GIVE ME FIVE｜23位喜劇演員的拼盤秀
即將完售 ➪ https://str.network/GMF

▌🎤 床的世界《#G8高峰會》 
最後席位 ➪ https://str.network/G8YT
⠀
｜✨薩泰爾娛樂官網 近期新片✨｜
▌《曾博恩：破蛋之路》正式上架
🔴 首月、團購優惠正式開跑 ➟ https://str.network/U3t33

▌喬瑟夫 2023 《#河豚》單口喜劇巡迴 🐡
首月優惠 299 元 ➪ https://str.network/fishonyt

｜導演｜賀瓏 
｜製作人｜潘瑋翔 
｜編劇｜老K、德礎、東區德、藍恩、品喬 
｜研究員｜陳庠佑、周孟璇
｜演員｜賀瓏、郭家豪、陳家豪、劉家豪、葉家豪、許家豪、許家豪、張家豪、郭家豪、何家豪、楊家豪
｜剪輯｜卜帆 
｜妝髮｜黑占寶號

-----
⧉ #薩泰爾娛樂 ⧉
≡  商業合作請來信：business@strnetwork.cc  ≡
≡ 影片授權請來信：press@strnetwork.cc ≡
｜未經同意，請勿轉載｜

▍YouTube：https://www.youtube.com/c/STRNetworkasia
▍Facebook：https://www.facebook.com/strnetworkasia/
▍Instagram：https://www.instagram.com/str_network/",2023-12-18T11:57:27Z,1370725,3761
【#賀瓏夜夜秀】The DoDo Men 夜夜秀現場飛鏢盲射世界地圖｜@TheDoDoMen,YCN4N6U0GXU,"有沒有住在剛果的台灣人？喊聲一下

｜🎪薩泰爾娛樂 近期活動🎪｜
▌《賀瓏夜夜秀》最新消息
🔔 立即訂閱 ➟ https://str.network/rntnns

｜✨薩泰爾娛樂官網 近期新片✨｜
▌《G8高峰會》線上版第一波預購優惠 正式開跑🔥
⚡️ 12/5 23:59 前｜演後限時優惠
只要 200 元 👉 https://str.network/SYHU2

▌《曾博恩：破蛋之路》正式上架
🔴 首月、團購優惠正式開跑 ➟ https://str.network/U3t33

▌喬瑟夫 2023 《#河豚》單口喜劇巡迴 🐡
首月優惠 299 元 ➪ https://str.network/fishonyt

｜導演｜賀瓏 
｜製作人｜潘瑋翔 
｜編劇｜東區德 
｜演員｜賀瓏、Albee 
｜來賓｜ The DoDo Men 
｜剪輯｜強尼
｜妝髮｜黑占寶號

-----
⧉ #薩泰爾娛樂 ⧉
≡  商業合作請來信：business@strnetwork.cc  ≡
≡ 影片授權請來信：press@strnetwork.cc ≡
｜未經同意，請勿轉載｜

▍YouTube：https://www.youtube.com/c/STRNetworkasia
▍Facebook：https://www.facebook.com/strnetworkasia/
▍Instagram：https://www.instagram.com/str_network/",2023-12-18T11:57:32Z,848964,647
【#賀瓏夜夜秀】薩小舞台：品賢,IlN7hEr1i1E,"公開出處比公開出櫃還難。

｜🎪薩泰爾娛樂 近期活動🎪｜
▌《賀瓏夜夜秀》最新消息
🔔 立即訂閱 ➟ https://str.network/rntnns

｜✨薩泰爾娛樂官網 近期新片✨｜
▌《G8高峰會》線上版第一波預購優惠 正式開跑🔥
⚡️ 12/5 23:59 前｜演後限時優惠
只要 200 元 👉 https://str.network/SYHU2

▌《曾博恩：破蛋之路》正式上架
🔴 首月、團購優惠正式開跑 ➟ https://str.network/U3t33

▌喬瑟夫 2023 《#河豚》單口喜劇巡迴 🐡
首月優惠 299 元 ➪ https://str.network/fishonyt

｜導演｜賀瓏
｜製作人｜潘瑋翔 
｜編劇｜品賢
｜演員｜賀瓏 
｜來賓｜品賢
｜剪輯｜卜帆
｜妝髮｜黑占寶號

-----
⧉ #薩泰爾娛樂 ⧉
≡  商業合作請來信：business@strnetwork.cc  ≡
≡  影片授權請來信：press@strnetwork.cc  ≡
｜未經同意，請勿轉載｜


▍YouTube：https://www.youtube.com/c/STRNetworkasia
▍Facebook：https://www.facebook.com/strnetworkasia/
▍Instagram：https://www.instagram.com/str_network/",2023-12-18T11:58:09Z,196920,442
【#賀瓏夜夜秀】黃國昌 對柯醫師愛的咆哮｜@KC-Huang,I-d4b1G2kEo,"被束縛住的溫暖且富有人性雙手大解放

｜🎪薩泰爾娛樂 近期活動🎪｜
▌《賀瓏夜夜秀》最新消息
🔔 立即訂閱 ➟ https://str.network/rntnns

｜✨薩泰爾娛樂官網 近期新片✨｜
▌《G8高峰會》線上版 早鳥預購只要 245 元🔥
現在買最優惠 👉 https://str.network/SYHU2

▌《曾博恩：破蛋之路》正式上架
🔴 首月、團購優惠正式開跑 ➟ https://str.network/U3t33

▌喬瑟夫 2023 《#河豚》單口喜劇巡迴 🐡
好評優惠延長 ➪ https://str.network/fishonyt

｜導演｜賀瓏 
｜製作人｜潘瑋翔 
｜編劇｜德礎
｜演員｜賀瓏、Albee 
｜來賓｜ 黃國昌
｜剪輯｜ 強尼
｜妝髮｜黑占寶號

-----
⧉ #薩泰爾娛樂 ⧉
≡  商業合作請來信：business@strnetwork.cc  ≡
≡ 影片授權請來信：press@strnetwork.cc ≡
｜未經同意，請勿轉載｜

▍YouTube：https://www.youtube.com/c/STRNetworkasia
▍Facebook：https://www.facebook.com/strnetworkasia/
▍Instagram：https://www.instagram.com/str_network/",2023-12-18T11:58:15Z,1258261,4431
【#賀瓏夜夜秀】#酸民百萬富翁｜禁藥王＆栗子｜@AsiaboyLizi,k4q6ZW4beb8,"某某難聽討人厭，斜咖饒舌歌手？
﹏﹏﹏﹏﹏﹏﹏﹏﹏﹏﹏﹏﹏﹏﹏﹏﹏﹏﹏﹏﹏﹏
本集影片由 Surfshark VPN 、德國Emma邀約製作
﹋﹋﹋﹋﹋﹋﹋﹋﹋﹋﹋﹋﹋﹋﹋﹋﹋﹋﹋﹋﹋﹋
取得獨家 Surfshark 聖誕節優惠！
立即點擊  https://surfshark.tw/partner/STRNetwork 
輸入優惠代碼 STRNetwork  即可獲得額外5個月免費！

Surfshark VPN 讓你再也不用擔心 IP 問題 ✨ 
🛡️ 加密用戶的互聯網連接並隱藏 IP 地址，保護在線隱私和安全 
🌍 輕鬆解鎖有區域限制的內容
 ↳ YouTube影片或其他影音串流服務網站，玩跨區域限定的遊戲也可以！
📱一個帳號可以在無限制數量的裝置上使用，不滿意還有30天退款保證

歐洲最熱銷的德國 Emma 床墊 🛏️
提供 100 天免費試睡
全球累計賣出超過 600 萬張
\ 全台免運費、免費到府安裝 /
⠀
現在 Emma 官網還有黑五 5 折優惠
用折扣碼【 nightnightshow 】額外再 9 折，還不快下單🛒
立即下單 👉🏻 https://links.emma-sleep.com.tw/nightnightshow

#Emma床墊 #喚醒最好的自己 #emma床墊100日試睡 #德國Emma

｜🎪薩泰爾娛樂 近期活動🎪｜
▌《賀瓏夜夜秀》最新消息
🔔 立即訂閱 ➟ https://str.network/rntnns

｜✨薩泰爾娛樂官網 近期新片✨｜
▌《G8高峰會》線上版 早鳥預購只要 245 元🔥
現在買最優惠 👉 https://str.network/SYHU2

▌《曾博恩：破蛋之路》正式上架
🔴 首月、團購優惠正式開跑 ➟ https://str.network/U3t33

▌喬瑟夫 2023 《#河豚》單口喜劇巡迴 🐡
好評優惠延長 ➪ https://str.network/fHyPo

｜導演｜賀瓏
｜製作人｜潘瑋翔
｜編劇｜德礎
｜演員｜賀瓏
｜來賓｜Asiaboy禁藥王＆Lizi栗子 
｜剪輯｜強尼
｜妝髮｜黑占寶號

-----

⧉ #薩泰爾娛樂 ⧉
≡  商業合作請來信：business@strnetwork.cc  ≡
≡ 影片授權請來信：press@strnetwork.cc ≡
｜未經同意，請勿轉載｜

▍YouTube：https://www.youtube.com/c/STRNetworkasia
▍Facebook：https://www.facebook.com/strnetworkasia/
▍Instagram：https://www.instagram.com/str_network/",2023-12-18T11:58:21Z,470209,690
【#賀瓏夜夜秀】12/9 新聞亂報 EP5｜財產亂報,2fIuavhXCQI,"好了啦，做做效果

【Dr.情趣】想買玩具，就找Dr.情趣！
聖誕交換禮物首選🎄https://drqqtoys.tw/DnykZ
#dr情趣 #聖誕禮物

｜🍺賀瓏夜夜秀 專屬週邊🍺｜
▌#賀瓏杯杯 正式發售！
🔴 搶先預購 ➟ https://str.network/NTLbi

｜✨薩泰爾娛樂官網 近期新片✨｜
▌《G8高峰會》線上版 早鳥預購只要 245 元🔥
現在買最優惠 👉 https://str.network/SYHU2

▌《曾博恩：破蛋之路》正式上架
🔴 首月、團購優惠正式開跑 ➟ https://str.network/U3t33

▌喬瑟夫 2023 《#河豚》單口喜劇巡迴 🐡
好評優惠延長 ➪ https://str.network/fishonyt

｜導演｜賀瓏 
｜製作人｜潘瑋翔 
｜編劇｜老K、德礎、東區德、藍恩、品喬 
｜演員｜賀瓏、Albee
｜剪輯｜強尼 
｜妝髮｜黑占寶號

-----
⧉ #薩泰爾娛樂 ⧉
≡  商業合作請來信：business@strnetwork.cc  ≡
≡ 影片授權請來信：press@strnetwork.cc ≡
｜未經同意，請勿轉載｜

▍YouTube：https://www.youtube.com/c/STRNetworkasia
▍Facebook：https://www.facebook.com/strnetworkasia/
▍Instagram：https://www.instagram.com/str_network/",2023-12-18T11:58:28Z,684968,1255
【#賀瓏夜夜秀】徐巧芯 認定國民黨的男人都很軟爛,43RkcatlpYw,"2024總統大選，徐巧芯非常誠實呢！

｜🍺賀瓏夜夜秀 專屬週邊🍺｜
▌#賀瓏杯杯 正式發售！
🔴 搶先預購 ➟ https://str.network/NTLbi

｜✨薩泰爾娛樂官網 近期新片✨｜
▌《G8高峰會》線上版 早鳥預購只要 245 元🔥
現在買最優惠 👉 https://str.network/SYHU2

▌《曾博恩：破蛋之路》正式上架
🔴 首月、團購優惠正式開跑 ➟ https://str.network/U3t33

▌喬瑟夫 2023 《#河豚》單口喜劇巡迴 🐡
好評優惠延長 ➪ https://str.network/fishonyt

｜導演｜賀瓏 
｜製作人｜潘瑋翔
｜編劇｜德礎 
｜演員｜賀瓏、Albee 
｜來賓｜ 徐巧芯
｜剪輯｜ 強尼
｜妝髮｜黑占寶號

-----

⧉ #薩泰爾娛樂 ⧉
≡  商業合作請來信：business@strnetwork.cc  ≡
≡ 影片授權請來信：press@strnetwork.cc ≡
｜未經同意，請勿轉載｜

▍YouTube：https://www.youtube.com/c/STRNetworkasia
▍Facebook：https://www.facebook.com/strnetworkasia/
▍Instagram：https://www.instagram.com/str_network/",2023-12-18T11:58:35Z,1081904,2400
【#賀瓏夜夜秀】欸！違章建築,CrUAcTqELWw,"讓我們一起對「中華民國美學」感到驕傲

｜🍺賀瓏夜夜秀 專屬週邊🍺｜
▌#賀瓏杯杯 正式發售！
🔴 搶先預購 ➟ https://str.network/NTLbi

｜✨薩泰爾娛樂官網 近期新片✨｜
▌《G8高峰會》線上版 早鳥預購只要 245 元🔥
現在買最優惠 👉 https://str.network/SYHU2

▌《曾博恩：破蛋之路》正式上架
🔴 首月、團購優惠正式開跑 ➟ https://str.network/U3t33

▌喬瑟夫 2023 《#河豚》單口喜劇巡迴 🐡
好評優惠延長 ➪ https://str.network/fishonyt

｜導演｜賀瓏
｜製作人｜潘瑋翔
｜編劇｜老K、德礎、東區德、藍恩、品喬 
｜研究員｜陳庠佑、周孟璇 
｜演員｜賀瓏、Albee、吉尼丁、藍恩、黃馨、品喬、糖糖、老K、德礎、李安、東區德
｜剪輯｜卜帆 
｜妝髮｜黑占寶號、狂人工作室

-----

⧉ #薩泰爾娛樂 ⧉
≡  商業合作請來信：business@strnetwork.cc  ≡
≡ 影片授權請來信：press@strnetwork.cc ≡
｜未經同意，請勿轉載｜

▍YouTube：https://www.youtube.com/c/STRNetworkasia
▍Facebook：https://www.facebook.com/strnetworkasia/
▍Instagram：https://www.instagram.com/str_network/",2023-12-18T11:58:46Z,1372415,2915
【#賀瓏夜夜秀】#酸民百萬富翁｜徐巧芯,Bz5X_o4_1eQ,"某某是比較不好笑的韓國瑜？
﹏﹏﹏﹏﹏﹏﹏﹏﹏﹏﹏﹏﹏
本集影片由《黃牌》邀約製作
﹋﹋﹋﹋﹋﹋﹋﹋﹋﹋﹋﹋﹋
《黃牌》桌遊推出新品《梗圖黃牌》，融合台灣熱門迷因
玩家需為迷因圖寫註解，冷梗將被黃牌警告
此遊戲超越文字限制，透過梗圖創造笑點，展現朋友間瘋狂想法

「酸民必玩的桌遊，梗圖黃牌！」
現在購買享有優惠折扣 👉 https://bit.ly/4aoO8jm

｜🍺賀瓏夜夜秀 專屬週邊🍺｜
▌#賀瓏杯杯 正式發售！
🔴 搶先預購 ➟ https://str.network/NTLbi

｜✨薩泰爾娛樂官網 近期新片✨｜
▌《G8高峰會》線上版 早鳥預購只要 245 元🔥
現在買最優惠 👉 https://str.network/SYHU2

▌《曾博恩：破蛋之路》正式上架
🔴 首月、團購優惠正式開跑 ➟ https://str.network/U3t33

▌喬瑟夫 2023 《#河豚》單口喜劇巡迴 🐡
好評優惠延長 ➪ https://str.network/fishonyt

｜導演｜賀瓏 
｜製作人｜潘瑋翔 
｜編劇｜德礎
｜演員｜賀瓏
｜來賓｜徐巧芯
｜剪輯｜強尼
｜妝髮｜黑占寶號

-----
⧉ #薩泰爾娛樂 ⧉
≡  商業合作請來信：business@strnetwork.cc  ≡
≡ 影片授權請來信：press@strnetwork.cc ≡
｜未經同意，請勿轉載｜


▍YouTube：https://www.youtube.com/c/STRNetworkasia
▍Facebook：https://www.facebook.com/strnetworkasia/
▍Instagram：https://www.instagram.com/str_network/",2023-12-18T11:58:53Z,638589,820
【#賀瓏夜夜秀】12/16 新聞亂報 EP6｜Blue不錄了,-wDs0UC4Wms,"還我「BTS代購」
﹏﹏﹏﹏﹏﹏﹏﹏﹏﹏﹏﹏﹏﹏﹏﹏﹏﹏ 
本集影片由 Defit 、OpenTable 邀約製作
﹋﹋﹋﹋﹋﹋﹋﹋﹋﹋﹋﹋﹋﹋﹋﹋﹋﹋
❤️ #DeFit x #破蛋者 🐣
輕鬆破蛋 ➡️ https://bit.ly/hello_defit

⛈️ 外面颳風下雨，只想待在家嗎？
🌍 世界 #百萬用戶 的免費走路工
🕶️ 全新「#隱蔽模式」偷跑不被發現
🚚 扛著你 #每天200公里 走台灣

📱 全球訂餐廳神器 OpenTable App
🍽️ 全球超過100個國家使用、五萬家餐廳選項

一鍵訂位，最快可訂15分鐘後的位置
點擊下方連結，不再為沒訂到餐廳而掃興
➟ https://bit.ly/489Xxts

｜🍺賀瓏夜夜秀 專屬週邊🍺｜
▌#賀瓏杯杯 正式發售！
🔴 搶先預購 ➟ https://str.network/NTLbi

｜✨薩泰爾娛樂官網 近期新片✨｜
▌《G8高峰會》線上版 早鳥預購只要 245 元🔥
現在買最優惠 👉 https://str.network/SYHU2

▌《曾博恩：破蛋之路》正式上架
🔴 首月、團購優惠正式開跑 ➟ https://str.network/U3t33

▌喬瑟夫 2023 《#河豚》單口喜劇巡迴 🐡
好評優惠延長 ➪ https://str.network/fishonyt

｜導演｜賀瓏 
｜製作人｜潘瑋翔 
｜編劇｜老K、德礎、東區德、藍恩、品喬 
｜演員｜賀瓏、Albee 
｜剪輯｜強尼 
｜妝髮｜黑占寶號

-----

⧉ #薩泰爾娛樂 ⧉
≡  商業合作請來信：business@strnetwork.cc  ≡
≡ 影片授權請來信：press@strnetwork.cc ≡
｜未經同意，請勿轉載｜

▍YouTube：https://www.youtube.com/c/STRNetworkasia
▍Facebook：https://www.facebook.com/strnetworkasia/
▍Instagram：https://www.instagram.com/str_network/",2023-12-18T11:59:02Z,1121805,2164
【#賀瓏夜夜秀】薩小舞台：歐Ｋ,boYaOvOwGNA,"房價守護神

｜🍺賀瓏夜夜秀 專屬週邊🍺｜
▌#賀瓏杯杯 正式發售！
🔴 搶先預購 ➟ https://str.network/NTLbi

｜✨薩泰爾娛樂官網 近期新片✨｜
▌《G8高峰會》線上版 早鳥預購只要 245 元🔥
現在買最優惠 👉 https://str.network/SYHU2

▌《曾博恩：破蛋之路》正式上架
🔴 首月、團購優惠正式開跑 ➟ https://str.network/U3t33

▌喬瑟夫 2023 《#河豚》單口喜劇巡迴 🐡
好評優惠延長 ➪ https://str.network/fishonyt

｜導演｜賀瓏 
｜製作人｜潘瑋翔 
｜編劇｜歐K
｜演員｜賀瓏 
｜來賓｜ 歐K
｜剪輯｜卜帆
｜妝髮｜黑占寶號

-----
⧉ #薩泰爾娛樂 ⧉
≡  商業合作請來信：business@strnetwork.cc  ≡
≡ 影片授權請來信：press@strnetwork.cc ≡
｜未經同意，請勿轉載｜

▍YouTube：https://www.youtube.com/c/STRNetworkasia
▍Facebook：https://www.facebook.com/strnetworkasia/
▍Instagram：https://www.instagram.com/str_network/",2023-12-18T12:02:18Z,187990,260
【#賀瓏夜夜秀】沈伯洋 被攻擊炎上是榮幸,eiBJmdjTOwU,"迷信又務實的男人

｜🍺賀瓏夜夜秀 專屬週邊🍺｜
▌#賀瓏杯杯 正式發售！
🔴 搶先預購 ➟ https://str.network/NTLbi

｜✨薩泰爾娛樂官網 近期新片✨｜
▌《G8高峰會》線上版 早鳥預購只要 245 元🔥
現在買最優惠 👉 https://str.network/SYHU2

▌《曾博恩：破蛋之路》正式上架
下單就能看 ➟ https://str.network/U3t33

｜🍿️薩泰爾娛樂官網 即將上架🍿️｜
⚐ 2024/01/19 #God癲臭直男｜傑克
⚐ 2024/02/02 #G8高峰會
⚐ 2024/02/05 #三流笑話｜藍恩、華旭、品喬
⚐ 2024/03/15 #工作人員｜李安
⚐ 2024/04/12 #我朋友的孩子都長大了｜仁頡
🔔 訂閱上片通知 ➟ https://str.network/srn

｜導演｜賀瓏 
｜製作人｜潘瑋翔 
｜編劇｜德礎
｜演員｜賀瓏、Albee 
｜來賓｜沈伯洋
｜剪輯｜強尼 
｜妝髮｜黑占寶號

-----
⧉ #薩泰爾娛樂 ⧉
≡  商業合作請來信：business@strnetwork.cc  ≡
≡ 影片授權請來信：press@strnetwork.cc ≡
｜未經同意，請勿轉載｜

▍YouTube：https://www.youtube.com/c/STRNetworkasia
▍Facebook：https://www.facebook.com/strnetworkasia/
▍Instagram：https://www.instagram.com/str_network/",2023-12-21T04:14:01Z,587349,3049
【#賀瓏夜夜秀】時代力量讚頌者｜吉尼丁@jinnyding0106、 老K @ThatsOldKay,oOoC1LEe-S4,"曾經的戰友們，有天立院再相遇。

｜🍺賀瓏夜夜秀 專屬週邊🍺｜
▌#賀瓏杯杯 正式發售！
🔴 搶先預購 ➟ https://str.network/NTLbi

｜✨薩泰爾娛樂官網 近期新片✨｜
▌《G8高峰會》線上版 早鳥預購只要 245 元🔥
現在買最優惠 👉 https://str.network/SYHU2

▌《曾博恩：破蛋之路》正式上架
下單就能看 ➟ https://str.network/U3t33

｜🍿️薩泰爾娛樂官網 即將上架🍿️｜
⚐ 2024/01/19 #God癲臭直男｜傑克
⚐ 2024/02/02 #G8高峰會
⚐ 2024/02/05 #三流笑話｜藍恩、華旭、品喬
⚐ 2024/03/15 #工作人員｜李安
⚐ 2024/04/12 #我朋友的孩子都長大了｜仁頡
🔔 訂閱上片通知 ➟ https://str.network/srn

｜主唱｜吉尼丁 @jinnyding0106 
｜作詞｜老K  @ThatsOldKay 
｜作曲｜吉尼丁
｜編曲｜吉尼丁
｜混音｜DJ Hauer @hauerhsieh 
｜演出｜吉尼丁、老Ｋ
｜剪輯｜強尼

-----

⧉ #薩泰爾娛樂 ⧉
≡  商業合作請來信：business@strnetwork.cc  ≡
≡ 影片授權請來信：press@strnetwork.cc ≡
｜未經同意，請勿轉載｜

▍YouTube：https://www.youtube.com/c/STRNetworkasia
▍Facebook：https://www.facebook.com/strnetworkasia/
▍Instagram：https://www.instagram.com/str_network/",2023-12-21T04:13:47Z,336585,980
【#賀瓏夜夜秀】欸！蔣公銅像,hpVJdGX3wGk,"行憲紀念日快樂！

⚠️ 西門町 電子化蔣公銅像公告
因檔案問題，目前「電子化蔣公銅像」不幸下架
若有進一步消息，薩泰爾娛樂會再次於社群公告

｜🍺賀瓏夜夜秀 專屬週邊🍺｜
▌#賀瓏杯杯 正式發售！
🔴 搶先預購 ➟ https://str.network/NTLbi

｜✨薩泰爾娛樂官網 近期新片✨｜
▌《G8高峰會》線上版 早鳥預購只要 245 元🔥
現在買最優惠 👉 https://str.network/SYHU2

▌《曾博恩：破蛋之路》正式上架
下單就能看 ➟ https://str.network/U3t33

｜🍿️薩泰爾娛樂官網 即將上架🍿️｜
⚐ 2024/01/19 #God癲臭直男｜傑克
⚐ 2024/02/02 #G8高峰會
⚐ 2024/02/05 #三流笑話｜藍恩、華旭、品喬
⚐ 2024/03/15 #工作人員｜李安
⚐ 2024/04/12 #我朋友的孩子都長大了｜仁頡
🔔 訂閱上片通知 ➟ https://str.network/srn

｜導演｜賀瓏
｜製作人｜潘瑋翔
｜編劇｜老K、德礎、東區德、藍恩、品喬
｜研究員｜陳庠佑、周孟璇
｜演員｜賀瓏、街頭藝人·行動雕像BinBin (王鈺斌)
｜剪輯｜卜帆
｜妝髮｜黑占寶號

-----

⧉ #薩泰爾娛樂 ⧉
≡  商業合作請來信：business@strnetwork.cc  ≡
≡ 影片授權請來信：press@strnetwork.cc ≡
｜未經同意，請勿轉載｜

▍YouTube：https://www.youtube.com/c/STRNetworkasia
▍Facebook：https://www.facebook.com/strnetworkasia/
▍Instagram：https://www.instagram.com/str_network/",2023-12-22T03:20:14Z,1250710,4541
【#賀瓏夜夜秀】薩小舞台：品喬,x9MJvdgx1t8,"祝福大家年底前脫單

｜🍺賀瓏夜夜秀 專屬週邊🍺｜
▌#賀瓏杯杯 正式發售！
🔴 搶先預購 ➟ https://str.network/NTLbi

｜✨薩泰爾娛樂官網 近期新片✨｜
▌《G8高峰會》線上版 早鳥預購只要 245 元🔥
現在買最優惠 👉 https://str.network/SYHU2

▌《曾博恩：破蛋之路》正式上架
下單就能看 ➟ https://str.network/U3t33

｜🍿️薩泰爾娛樂官網 即將上架🍿️｜
⚐ 2024/01/19 #God癲臭直男｜傑克
⚐ 2024/02/02 #G8高峰會
⚐ 2024/02/05 #三流笑話｜藍恩、華旭、品喬
⚐ 2024/03/15 #工作人員｜李安
⚐ 2024/04/12 #我朋友的孩子都長大了｜仁頡
🔔 訂閱上片通知 ➟ https://str.network/srn

｜導演｜賀瓏
｜製作人｜潘瑋翔
｜編劇｜品喬
｜演員｜賀瓏
｜來賓｜薩小舞台
｜剪輯｜強尼
｜妝髮｜黑占寶號

-----
⧉ #薩泰爾娛樂 ⧉
≡  商業合作請來信：business@strnetwork.cc  ≡
≡ 影片授權請來信：press@strnetwork.cc ≡
｜未經同意，請勿轉載｜

▍YouTube：https://www.youtube.com/c/STRNetworkasia
▍Facebook：https://www.facebook.com/strnetworkasia/
▍Instagram：https://www.instagram.com/str_network/",2023-12-29T11:27:05Z,202865,242
【#賀瓏夜夜秀】黃瀞瑩 偶爾會覺得失言其實也蠻到位,5vRLFrRWzzg,"新增一位認可台北市長軟爛的市議員

｜🎁 薩泰爾娛樂 歲末年終慶 🎁｜
⚡️全站影音商品 9 折，還能抽 0元全站看到飽！
了解活動詳情 ➪ https://str.network/STRHOLIDAY

｜🍺賀瓏夜夜秀 專屬週邊🍺｜
▌#賀瓏杯杯 正式發售！
🔴 搶先預購 ➟ https://str.network/NTLbi

｜🍿️薩泰爾娛樂官網 即將上架🍿️｜
⚐ 2024/01/19 #God癲臭直男｜傑克
⚐ 2024/02/02 #G8高峰會
⚐ 2024/02/05 #三流笑話｜藍恩、華旭、品喬
⚐ 2024/03/15 #工作人員｜李安
⚐ 2024/04/12 #我朋友的孩子都長大了｜仁頡
🔔 訂閱上片通知 ➟ https://str.network/srn

｜導演｜賀瓏
｜製作人｜潘瑋翔
｜編劇｜德礎
｜演員｜賀瓏、Albee
｜來賓｜黃瀞瑩
｜剪輯｜強尼
｜妝髮｜黑占寶號

-----
⧉ #薩泰爾娛樂 ⧉
≡  商業合作請來信：business@strnetwork.cc  ≡
≡ 影片授權請來信：press@strnetwork.cc ≡
｜未經同意，請勿轉載｜

▍YouTube：https://www.youtube.com/c/STRNetworkasia
▍Facebook：https://www.facebook.com/strnetworkasia/
▍Instagram：https://www.instagram.com/str_network/",2023-12-29T11:27:15Z,880213,1634
【#賀瓏夜夜秀】2024最有趣冷門政黨 Top5,burzzGFISIs,"1月13日記得出門投下神聖的一票

｜🎁 薩泰爾娛樂 歲末年終慶 🎁｜
⚡️全站影音商品 9 折，還能抽 0元全站看到飽！
了解活動詳情 ➪ https://str.network/STRHOLIDAY

｜🍺賀瓏夜夜秀 專屬週邊🍺｜
▌#賀瓏杯杯 正式發售！
🔴 搶先預購 ➟ https://str.network/NTLbi

｜🍿️薩泰爾娛樂官網 即將上架🍿️｜
⚐ 2024/01/19 #God癲臭直男｜傑克
⚐ 2024/02/02 #G8高峰會
⚐ 2024/02/05 #三流笑話｜藍恩、華旭、品喬
⚐ 2024/03/15 #工作人員｜李安
⚐ 2024/04/12 #我朋友的孩子都長大了｜仁頡
🔔 訂閱上片通知 ➟ https://str.network/srn

｜導演｜賀瓏
｜製作人｜潘瑋翔
｜編劇｜藍恩、品喬
｜演員｜賀瓏
｜剪輯｜卜帆
｜妝髮｜黑占寶號

-----

⧉ #薩泰爾娛樂 ⧉
≡  商業合作請來信：business@strnetwork.cc  ≡
≡ 影片授權請來信：press@strnetwork.cc ≡
｜未經同意，請勿轉載｜

▍YouTube：https://www.youtube.com/c/STRNetworkasia
▍Facebook：https://www.facebook.com/strnetworkasia/
▍Instagram：https://www.instagram.com/str_network/",2023-12-29T11:27:25Z,710328,841
【#賀瓏夜夜秀】台灣通勤第一品牌 張家倫＆何ㄟ受夠了李毅誠的控制,uory7fCrUdw,"不愧是台灣通勤第八品牌

｜🎁 薩泰爾娛樂 歲末年終慶 🎁｜
⚡️全站影音商品 9 折，還能抽 0元全站看到飽！
了解活動詳情 ➪ https://str.network/STRHOLIDAY

｜🍺賀瓏夜夜秀 專屬週邊🍺｜
▌#賀瓏杯杯 正式發售！
🔴 搶先預購 ➟ https://str.network/NTLbi

｜🍿️薩泰爾娛樂官網 即將上架🍿️｜
⚐ 2024/01/19 #God癲臭直男｜傑克
⚐ 2024/02/02 #G8高峰會
⚐ 2024/02/05 #三流笑話｜藍恩、華旭、品喬
⚐ 2024/03/15 #工作人員｜李安
⚐ 2024/04/12 #我朋友的孩子都長大了｜仁頡
🔔 訂閱上片通知 ➟ https://str.network/srn

｜導演｜賀瓏
｜製作人｜潘瑋翔
｜編劇｜東區德
｜演員｜賀瓏
｜來賓｜台灣通勤第一品牌 李毅誠 張家倫 何勁旻
｜剪輯｜強尼
｜妝髮｜黑占寶號

-----

⧉ #薩泰爾娛樂 ⧉
≡  商業合作請來信：business@strnetwork.cc  ≡
≡ 影片授權請來信：press@strnetwork.cc ≡
｜未經同意，請勿轉載｜

▍YouTube：https://www.youtube.com/c/STRNetworkasia
▍Facebook：https://www.facebook.com/strnetworkasia/
▍Instagram：https://www.instagram.com/str_network/",2023-12-29T11:27:37Z,404064,748
【#賀瓏夜夜秀】#酸民百萬富翁｜阿辰師,0fRsgukk3CQ,"某某做廚師不太成功是真的？

｜🎁 薩泰爾娛樂 歲末年終慶 🎁｜
⚡️全站影音商品 9 折，還能抽 0元全站看到飽！
了解活動詳情 ➪ https://str.network/STRHOLIDAY

｜🍺賀瓏夜夜秀 專屬週邊🍺｜
▌#賀瓏杯杯 正式發售！
🔴 搶先預購 ➟ https://str.network/NTLbi

｜🍿️薩泰爾娛樂官網 即將上架🍿️｜
⚐ 2024/01/19 #God癲臭直男｜傑克
⚐ 2024/02/02 #G8高峰會
⚐ 2024/02/05 #三流笑話｜藍恩、華旭、品喬
⚐ 2024/03/15 #工作人員｜李安
⚐ 2024/04/12 #我朋友的孩子都長大了｜仁頡
🔔 訂閱上片通知 ➟ https://str.network/srn

｜導演｜賀瓏
｜製作人｜潘瑋翔
｜編劇｜德礎
｜演員｜賀瓏
｜來賓｜阿辰師
｜剪輯｜強尼
｜妝髮｜黑占寶號

-----
⧉ #薩泰爾娛樂 ⧉
≡  商業合作請來信：business@strnetwork.cc  ≡
≡ 影片授權請來信：press@strnetwork.cc ≡
｜未經同意，請勿轉載｜

▍YouTube：https://www.youtube.com/c/STRNetworkasia
▍Facebook：https://www.facebook.com/strnetworkasia/
▍Instagram：https://www.instagram.com/str_network/",2024-01-05T15:36:18Z,380462,349
【#賀瓏夜夜秀】12/30 新聞亂報 EP7｜新北割侯戰,QpOdw9OtZq8,"總統大選電視辯睏會
﹏﹏﹏﹏﹏﹏﹏﹏﹏﹏﹏﹏﹏﹏﹏﹏﹏
本集影片由 Roichen正脊坐墊 邀約製作
﹋﹋﹋﹋﹋﹋﹋﹋﹋﹋﹋﹋﹋﹋﹋﹋﹋
#Roichen正脊坐墊 最挺你！

🔴 #市售唯一依男女體型設計 的正脊坐墊
男女體型骨盆角度不同，都需要專屬尺寸設計
市售唯一有男、女和兒童3種專屬尺寸可選購 🛒

🔴 #獨家支撐設計
坐墊不易滑動，即使不搭配椅子
直接在地面或者平面使用，當作和室椅都可以

🔴 通過 SGS 檢測不含有毒物質與安全性測試
最大可承受220~350公斤都可維持平穩正確的坐姿
不會形成椅墊扭曲或晃動。

賀瓏夜夜秀專屬優惠 👉 https://s.add.one/5g6v7t
💰 #Roichen 正脊坐墊 52 折優惠 
加碼Roichen陶瓷不沾鍋 20 公分深炒鍋
33 折優惠&坐墊清潔去污棒 67 折優惠

|| 品牌限定優惠，請使用 FB、LINE、手機號碼登入，即可看到專屬優惠價 ||

｜🎁 薩泰爾娛樂 歲末年終慶 🎁｜
⚡️全站影音商品 9 折，還能抽 0元全站看到飽！
了解活動詳情 ➪ https://str.network/STRHOLIDAY

｜✨薩泰爾娛樂官網 近期新片✨｜
▌《G8高峰會》線上版 早鳥預購只要 245 元🔥
現在買最優惠 👉 https://str.network/SYHU2

｜🍿️薩泰爾娛樂官網 即將上架🍿️｜
⚐ 2024/01/19 #God癲臭直男｜傑克
⚐ 2024/02/02 #G8高峰會
⚐ 2024/02/05 #三流笑話｜藍恩、華旭、品喬
⚐ 2024/03/15 #工作人員｜李安
⚐ 2024/04/12 #我朋友的孩子都長大了｜仁頡
🔔 訂閱上片通知 ➟ https://str.network/srn

｜導演｜賀瓏
｜製作人｜潘瑋翔
｜編劇｜老K、德礎、藍恩、品喬
｜演員｜賀瓏、Albee、老K、德礎、藍恩、品喬
｜剪輯｜強尼
｜妝髮｜黑占寶號

本次民調是薩泰爾娛樂節目製作組採用線上 chatbot 問卷方式，於 2023 年 12 月 9 日 18:00 起至 2023 年 12 月 17 日 18:00 止，共接觸 1,600 位觀眾，其中有 947 位線上參與回答，樣本數為 947，參與率 59.1%，在 95% 信心水準下，抽樣誤差最大值為 ±3.0%，抽樣方法採用觀眾掃描現場發放的 QR code 小卡，並進入 chatbot 回答問題。調查經費來源為薩泰爾娛樂。

-----
⧉ #薩泰爾娛樂 ⧉
≡  商業合作請來信：business@strnetwork.cc  ≡
≡ 影片授權請來信：press@strnetwork.cc ≡
｜未經同意，請勿轉載｜


▍YouTube：https://www.youtube.com/c/STRNetworkasia
▍Facebook：https://www.facebook.com/strnetworkasia/
▍Instagram：https://www.instagram.com/str_network/",2024-01-05T15:36:02Z,1327126,2148
【#賀瓏夜夜秀】柯文哲 魔鬼的計謀 記憶力考驗,XfMfYOwcdkE,"智商157 對決 身高175
 
｜🎁 薩泰爾娛樂 歲末年終慶 🎁｜
⚡️全站影音商品 9 折，還能抽 0元全站看到飽！
了解活動詳情 ➪ https://str.network/STRHOLIDAY

｜🍺賀瓏夜夜秀 專屬週邊🍺｜
▌#賀瓏杯杯 正式發售！
🔴 搶先預購 ➟ https://str.network/NTLbi

｜🍿️薩泰爾娛樂官網 即將上架🍿️｜
⚐ 2024/01/19 #God癲臭直男｜傑克
⚐ 2024/02/02 #G8高峰會
⚐ 2024/02/05 #三流笑話｜藍恩、華旭、品喬
⚐ 2024/03/15 #工作人員｜李安
⚐ 2024/04/12 #我朋友的孩子都長大了｜仁頡
🔔 訂閱上片通知 ➟ https://str.network/srn

｜導演｜賀瓏
｜製作人｜潘瑋翔
｜編劇｜賀瓏、老Ｋ、德礎、藍恩、品喬
｜演員｜賀瓏
｜來賓｜柯文哲
｜剪輯｜詹彬
｜妝髮｜黑占寶號

VCR
｜導演｜詹彬
｜製片｜廖子寧、陳奕瑋、黃子綾
｜燈光師｜ 謝志昇
｜燈光助理｜ 鍾鎮予、羅紀煬、余家瑜旗
｜燈光器材｜燈光敵人影像工作室
｜攝影 | 侯德芬、俗辣、 Yuki
-----

⧉ #薩泰爾娛樂 ⧉
≡  商業合作請來信：business@strnetwork.cc  ≡
≡ 影片授權請來信：press@strnetwork.cc ≡
｜未經同意，請勿轉載｜

▍YouTube：https://www.youtube.com/c/STRNetworkasia
▍Facebook：https://www.facebook.com/strnetworkasia/
▍Instagram：https://www.instagram.com/str_network/",2024-01-05T15:35:47Z,1137454,2458
【#賀瓏夜夜秀】趙少康 戰鬥藍的老大另有其人,Ra8jwMscBD4,"非常感謝趙少康先生的「副總統辯論會」幕僚貴賓證
 
｜🎁 薩泰爾娛樂 歲末年終慶 🎁｜
⚡️全站影音商品 9 折，還能抽 0元全站看到飽！
了解活動詳情 ➪ https://str.network/STRHOLIDAY

｜🍺賀瓏夜夜秀 專屬週邊🍺｜
▌#賀瓏杯杯 正式發售！
🔴 搶先預購 ➟ https://str.network/NTLbi

｜🍿️薩泰爾娛樂官網 即將上架🍿️｜
⚐ 2024/01/19 #God癲臭直男｜傑克
⚐ 2024/02/02 #G8高峰會
⚐ 2024/02/05 #三流笑話｜藍恩、華旭、品喬
⚐ 2024/03/15 #工作人員｜李安
⚐ 2024/04/12 #我朋友的孩子都長大了｜仁頡
🔔 訂閱上片通知 ➟ https://str.network/srn

｜導演｜賀瓏
｜製作人｜潘瑋翔
｜編劇｜德礎
｜演員｜賀瓏、Albee
｜來賓｜趙少康
｜剪輯｜強尼
｜花絮剪輯｜林侑陞
｜妝髮｜黑占寶號


-----
⧉ #薩泰爾娛樂 ⧉
≡  商業合作請來信：business@strnetwork.cc  ≡
≡ 影片授權請來信：press@strnetwork.cc ≡
｜未經同意，請勿轉載｜

▍YouTube：https://www.youtube.com/c/STRNetworkasia
▍Facebook：https://www.facebook.com/strnetworkasia/
▍Instagram：https://www.instagram.com/str_network/",2024-01-05T15:35:33Z,2322867,9657
【#賀瓏夜夜秀】#酸民百萬富翁｜趙少康,fHfXjUlLMRw,"某某坐擁103間的在喊居住正義？
﹏﹏﹏﹏﹏﹏﹏﹏﹏﹏﹏﹏﹏﹏﹏﹏﹏﹏
本集影片由 RECA福氣春聯丸 邀約製作
﹋﹋﹋﹋﹋﹋﹋﹋﹋﹋﹋﹋﹋﹋﹋﹋﹋﹋
華人春節新選擇【RECA福氣春聯丸】 🧨
擁有台灣發明氣球結構專利技術
結合書法家黃緯中老師揮毫 ，讓2D圖面書法躍上氣球 🎈
2024龍紋身的福氣春聯丸，華麗登場 ✨

▌榮獲 2023 KIDE 高雄國際發明展金牌
▌榮獲 DIS Expo Special Invention Award 杜拜特別獎
▌全台萊爾富門市、遠東百貨、誠品 Expo 都買得到
▌RECA 官網下單多顆優惠，至多7折免運

台灣下單請走 ➟ https://iiil.io/i2Wj
美國下單請走 ➟ https://iiil.io/jCuX
更多 RECA 發明資訊請洽 RECA 官網 ➟ https://reca.cc/
更多 RECA 福氣春聯丸資訊 RECA IG ➟ https://www.instagram.com/reca.roxi/

｜🍺賀瓏夜夜秀 專屬週邊🍺｜
▌#賀瓏杯杯 正式發售！
🔴 搶先預購 ➟ https://str.network/NTLbi

｜✨薩泰爾娛樂官網 近期新片✨｜
▌《G8高峰會》線上版 早鳥預購只要 245 元🔥
現在買最優惠 👉 https://str.network/SYHU2

▌《曾博恩：破蛋之路》正式上架
下單就能看 ➟ https://str.network/U3t33

｜🍿️薩泰爾娛樂官網 即將上架🍿️｜
⚐ 2024/01/19 #God癲臭直男｜傑克
⚐ 2024/02/02 #G8高峰會
⚐ 2024/02/05 #三流笑話｜藍恩、華旭、品喬
⚐ 2024/03/15 #工作人員｜李安
⚐ 2024/04/12 #我朋友的孩子都長大了｜仁頡
🔔 訂閱上片通知 ➟ https://str.network/srn

｜導演｜賀瓏
｜製作人｜潘瑋翔
｜編劇｜德礎
｜演員｜賀瓏
｜來賓｜趙少康
｜剪輯｜強尼
｜妝髮｜黑占寶號

-----

⧉ #薩泰爾娛樂 ⧉
≡  商業合作請來信：business@strnetwork.cc  ≡
≡ 影片授權請來信：press@strnetwork.cc ≡
｜未經同意，請勿轉載｜

▍YouTube：https://www.youtube.com/c/STRNetworkasia
▍Facebook：https://www.facebook.com/strnetworkasia/
▍Instagram：https://www.instagram.com/str_network/",2024-01-03T16:54:10Z,1285824,3380
【#賀瓏夜夜秀】欸！臺灣鐵路,2EfQuOyzjUw,"臺鐵便當的副業2024年正式公司化

｜🍺賀瓏夜夜秀 專屬週邊🍺｜
▌#賀瓏杯杯 正式發售！
🔴 搶先預購 ➟ https://str.network/NTLbi

｜✨薩泰爾娛樂官網 近期新片✨｜
▌《G8高峰會》線上版 早鳥預購只要 245 元🔥
現在買最優惠 👉 https://str.network/SYHU2

｜🍿️薩泰爾娛樂官網 即將上架🍿️｜
⚐ 2024/01/19 #God癲臭直男｜傑克
⚐ 2024/02/02 #G8高峰會
⚐ 2024/02/05 #三流笑話｜藍恩、華旭、品喬
⚐ 2024/03/15 #工作人員｜李安
⚐ 2024/04/12 #我朋友的孩子都長大了｜仁頡
🔔 訂閱上片通知 ➟ https://str.network/srn

｜導演｜賀瓏
｜製作人｜潘瑋翔
｜編劇｜老K、德礎、藍恩、品喬
｜研究員｜陳庠佑、周孟璇
｜演員｜賀瓏
｜剪輯｜卜帆
｜妝髮｜黑占寶號

-----

⧉ #薩泰爾娛樂 ⧉
≡  商業合作請來信：business@strnetwork.cc  ≡
≡ 影片授權請來信：press@strnetwork.cc ≡
｜未經同意，請勿轉載｜


▍YouTube：https://www.youtube.com/c/STRNetworkasia
▍Facebook：https://www.facebook.com/strnetworkasia/
▍Instagram：https://www.instagram.com/str_network/",2024-01-04T12:22:21Z,1350598,1774
【#賀瓏夜夜秀】吳欣岱、陳奕齊 最能靠美色競選的本土政黨,0lRXjHhIQV8,"ROC 和 RAP 都先不要
﹏﹏﹏﹏﹏﹏﹏﹏﹏﹏﹏﹏﹏﹏
本集影片由 台灣基進 邀約製作
﹋﹋﹋﹋﹋﹋﹋﹋﹋﹋﹋﹋﹋﹋

｜🍺賀瓏夜夜秀 專屬週邊🍺｜
▌#賀瓏杯杯 正式發售！
🔴 搶先預購 ➟ https://str.network/NTLbi

｜✨薩泰爾娛樂官網 近期新片✨｜
▌《G8高峰會》線上版 早鳥預購只要 245 元🔥
現在買最優惠 👉 https://str.network/SYHU2

｜🍿️薩泰爾娛樂官網 即將上架🍿️｜
⚐ 2024/01/19 #God癲臭直男｜傑克
⚐ 2024/02/02 #G8高峰會
⚐ 2024/02/05 #三流笑話｜藍恩、華旭、品喬
⚐ 2024/03/15 #工作人員｜李安
⚐ 2024/04/12 #我朋友的孩子都長大了｜仁頡
🔔 訂閱上片通知 ➟ https://str.network/srn

｜導演｜賀瓏
｜製作人｜潘瑋翔
｜編劇｜德礎
｜演員｜賀瓏、Albee
｜來賓｜吳欣岱、陳奕齊
｜剪輯｜強尼
｜妝髮｜黑占寶號

-----
⧉ #薩泰爾娛樂 ⧉
≡  商業合作請來信：business@strnetwork.cc  ≡
≡ 影片授權請來信：press@strnetwork.cc ≡
｜未經同意，請勿轉載｜

▍YouTube：https://www.youtube.com/c/STRNetworkasia
▍Facebook：https://www.facebook.com/strnetworkasia/
▍Instagram：https://www.instagram.com/str_network/",2024-01-05T15:35:02Z,737742,6967
【#賀瓏夜夜秀】戰鬥藍讚頌者｜吉尼丁@jinnyding0106,E7heRZ8Taho,"叫我戰鬥藍叫我戰鬥藍

｜🍺賀瓏夜夜秀 專屬週邊🍺｜
▌#賀瓏杯杯 正式發售！
🔴 搶先預購 ➟ https://str.network/NTLbi

｜✨薩泰爾娛樂官網 近期新片✨｜
▌《G8高峰會》線上版 早鳥預購只要 245 元🔥
現在買最優惠 👉 https://str.network/SYHU2

｜🍿️薩泰爾娛樂官網 即將上架🍿️｜
⚐ 2024/01/19 #God癲臭直男｜傑克
⚐ 2024/02/02 #G8高峰會
⚐ 2024/02/05 #三流笑話｜藍恩、華旭、品喬
⚐ 2024/03/15 #工作人員｜李安
⚐ 2024/04/12 #我朋友的孩子都長大了｜仁頡
🔔 訂閱上片通知 ➟ https://str.network/srn

｜導演｜賀瓏
｜製作人｜潘瑋翔
｜演員｜吉尼丁、賀瓏
｜舞者｜冰火、老包
｜剪輯｜強尼
｜妝髮｜黑占寶號

音樂製作 
｜主唱｜吉尼丁 @jinnyding0106
｜作詞｜老K @ThatsOldKay、DJ Hauer @hauerhsieh
｜作曲｜吉尼丁
｜編曲｜吉尼丁
｜混音｜DJ Hauer

-----
⧉ #薩泰爾娛樂 ⧉
≡  商業合作請來信：business@strnetwork.cc  ≡
≡ 影片授權請來信：press@strnetwork.cc ≡
｜未經同意，請勿轉載｜

▍YouTube：https://www.youtube.com/c/STRNetworkasia
▍Facebook：https://www.facebook.com/strnetworkasia/
▍Instagram：https://www.instagram.com/str_network/",2024-01-11T13:47:47Z,556511,1345
【#賀瓏夜夜秀】1/6 新聞亂報 EP8｜大選前不演了,q16wKXkJkXk,"2036年請把票投給國民黨
﹏﹏﹏﹏﹏﹏﹏﹏﹏﹏﹏﹏﹏﹏﹏﹏﹏﹏﹏﹏﹏﹏﹏
本集影片由 可樂研究社、德國Emma床墊 邀約製作
﹋﹋﹋﹋﹋﹋﹋﹋﹋﹋﹋﹋﹋﹋﹋﹋﹋﹋﹋﹋﹋﹋﹋
\ 可樂研究社，你的兩性知識專賣店 /
醫美級Play&Joy高潮潤滑液、持久液
讓你在自身與伴侶的性愛歡愉上，能有不同層次的享受 💕

許藍方親自研發極致黑G瑪卡 ✨
各式專家嚴選情趣用品都在可樂研究社
1/31 前輸入折扣碼「hello」即可享有滿千再折百 🛒
讓愛更有CP值 ➠ https://colaresearchclubs.com/ms0yo

\ 歐洲最熱銷的德國Emma床墊 /
提供100天免費試睡 🛏️
✦ 全球累計賣出超過600萬張 ✦
✦ 全台免運費、免費到府安裝 ✦

Emma官網祭出新年 55 折優惠 💥
輸入折扣碼「nightnightshow」額外再享 9 折
趕緊手刀下單 ➠ https://links.emma-sleep.com.tw/nightnightshow

#Emma床墊 #喚醒最好的自己 #emma床墊100日試睡 #德國Emma

｜🍺賀瓏夜夜秀 專屬週邊🍺｜
▌#賀瓏杯杯 正式發售！
🔴 搶先預購 ➟ https://str.network/NTLbi

｜✨薩泰爾娛樂官網 近期新片✨｜
▌《G8高峰會》線上版 早鳥預購只要 245 元🔥
現在買最優惠 👉 https://str.network/SYHU2

｜🍿️薩泰爾娛樂官網 即將上架🍿️｜
⚐ 2024/01/19 #God癲臭直男｜傑克
⚐ 2024/02/02 #G8高峰會
⚐ 2024/02/05 #三流笑話｜藍恩、華旭、品喬
⚐ 2024/03/15 #工作人員｜李安
⚐ 2024/04/12 #我朋友的孩子都長大了｜仁頡
🔔 訂閱上片通知 ➟ https://str.network/srn

｜導演｜賀瓏
｜製作人｜潘瑋翔
｜編劇｜老K、德礎、藍恩、品喬
｜演員｜賀瓏、Albee、德礎
｜剪輯｜強尼
｜妝髮｜黑占寶號

-----

⧉ #薩泰爾娛樂 ⧉
≡  商業合作請來信：business@strnetwork.cc  ≡
≡ 影片授權請來信：press@strnetwork.cc ≡
｜未經同意，請勿轉載｜

▍YouTube：https://www.youtube.com/c/STRNetworkasia
▍Facebook：https://www.facebook.com/strnetworkasia/
▍Instagram：https://www.instagram.com/str_network/",2024-01-07T12:55:20Z,1248653,1538
【#賀瓏夜夜秀】吳欣盈 參選副總統其實有點Shock,QWp2t0NuLzE,"請密切注意吳欣盈投票日的穿搭
﹏﹏﹏﹏﹏﹏﹏﹏﹏﹏﹏﹏﹏﹏﹏﹏﹏﹏﹏﹏﹏﹏﹏
本集影片由 吉拉單一麥芽蘇格蘭威士忌  邀約製作
﹋﹋﹋﹋﹋﹋﹋﹋﹋﹋﹋﹋﹋﹋﹋﹋﹋﹋﹋﹋﹋﹋﹋
為台灣而生的Single Malt🥃
#吉拉雪莉12年單一麥芽蘇格蘭威士忌

英國銷售No.1的JURA吉拉，來自世界上最難抵達的海角 🌊
歷時多年為台灣消費者打造的吉拉雪莉12年
蜜甜熱帶水果氣息，濃郁滑順 💕
滿溢熱情為即將到來的吉好時光乾杯！

立即了解 ➠ https://str.network/7Ixf3

#英國銷售NO1
#遠道而來淬釀不凡
#吉拉單一麥芽蘇格蘭威士忌

｜🍺賀瓏夜夜秀 專屬週邊🍺｜
▌#賀瓏杯杯 正式發售！
🔴 搶先預購 ➟ https://str.network/NTLbi

｜✨薩泰爾娛樂官網 近期新片✨｜
▌《G8高峰會》線上版 早鳥預購只要 245 元🔥
現在買最優惠 👉 https://str.network/SYHU2

｜🍿️薩泰爾娛樂官網 即將上架🍿️｜
⚐ 2024/01/19 #God癲臭直男｜傑克
⚐ 2024/02/02 #G8高峰會
⚐ 2024/02/05 #三流笑話｜藍恩、華旭、品喬
⚐ 2024/03/15 #工作人員｜李安
⚐ 2024/04/12 #我朋友的孩子都長大了｜仁頡
🔔 訂閱上片通知 ➟ https://str.network/srn

｜導演｜賀瓏
｜製作人｜潘瑋翔
｜編劇｜老K、德礎、藍恩、品喬
｜演員｜賀瓏、Albee、德礎
｜剪輯｜強尼
｜妝髮｜黑占寶號

-----

⧉ #薩泰爾娛樂 ⧉
≡  商業合作請來信：business@strnetwork.cc  ≡
≡ 影片授權請來信：press@strnetwork.cc ≡
｜未經同意，請勿轉載｜



▍YouTube：https://www.youtube.com/c/STRNetworkasia
▍Facebook：https://www.facebook.com/strnetworkasia/
▍Instagram：https://www.instagram.com/str_network/",2024-01-11T13:47:19Z,2000888,11323
【#賀瓏夜夜秀】王婉諭、呱吉 一肩扛起了投票指南,C4FX-ybSrfo,"擺脫小綠，時力簽下去
﹏﹏﹏﹏﹏﹏﹏﹏﹏﹏﹏﹏﹏﹏
本集影片由 時代力量 邀約製作
﹋﹋﹋﹋﹋﹋﹋﹋﹋﹋﹋﹋﹋﹋
｜🍺賀瓏夜夜秀 專屬週邊🍺｜
▌#賀瓏杯杯 正式發售！
🔴 搶先預購 ➟ https://str.network/NTLbi

｜✨薩泰爾娛樂官網 近期新片✨｜
▌《G8高峰會》線上版 早鳥預購只要 245 元🔥
現在買最優惠 👉 https://str.network/SYHU2

｜🍿️薩泰爾娛樂官網 即將上架🍿️｜
⚐ 2024/01/19 #God癲臭直男｜傑克
⚐ 2024/02/02 #G8高峰會
⚐ 2024/02/05 #三流笑話｜藍恩、華旭、品喬
⚐ 2024/03/15 #工作人員｜李安
⚐ 2024/04/12 #我朋友的孩子都長大了｜仁頡
🔔 訂閱上片通知 ➟ https://str.network/srn

｜導演｜賀瓏
｜製作人｜潘瑋翔
｜編劇｜德礎
｜演員｜賀瓏、Albee
｜來賓｜王婉諭、呱吉 邱威傑
｜剪輯｜強尼
｜妝髮｜黑占寶號

-----

⧉ #薩泰爾娛樂 ⧉
≡  商業合作請來信：business@strnetwork.cc  ≡
≡ 影片授權請來信：press@strnetwork.cc ≡
｜未經同意，請勿轉載｜

▍YouTube：https://www.youtube.com/c/STRNetworkasia
▍Facebook：https://www.facebook.com/strnetworkasia/
▍Instagram：https://www.instagram.com/str_network/",2024-01-10T03:45:40Z,986689,8798
【#賀瓏夜夜秀】塔羅牌占卜誰會當選總統？,rWefoZi-9ys,"民調已經封盤，只好用占卜來預測選情
﹏﹏﹏﹏﹏﹏﹏﹏﹏﹏﹏﹏
本集影片由 Omi 邀約製作
﹋﹋﹋﹋﹋﹋﹋﹋﹋﹋﹋﹋
🔮 來 Omi 找有緣人，一起測合盤吧！
這裡下載 👉 https://omitw.onelink.me/FykD/qrkjnel9

｜🍺賀瓏夜夜秀 專屬週邊🍺｜
▌#賀瓏杯杯 正式發售！
🔴 搶先預購 ➟ https://str.network/NTLbi

｜✨薩泰爾娛樂官網 近期新片✨｜
▌《G8高峰會》線上版 早鳥預購只要 245 元🔥
現在買最優惠 👉 https://str.network/SYHU2

｜🍿️薩泰爾娛樂官網 即將上架🍿️｜
⚐ 2024/01/19 #God癲臭直男｜傑克
⚐ 2024/02/02 #G8高峰會
⚐ 2024/02/05 #三流笑話｜藍恩、華旭、品喬
⚐ 2024/03/15 #工作人員｜李安
⚐ 2024/04/12 #我朋友的孩子都長大了｜仁頡
🔔 訂閱上片通知 ➟ https://str.network/srn

｜導演｜賀瓏
｜製作人｜潘瑋翔
｜編劇｜東區德、賀瓏
｜演員｜賀瓏
｜來賓｜現場觀眾
｜剪輯｜卜帆
｜妝髮｜黑占寶號

-----
⧉ #薩泰爾娛樂 ⧉
≡  商業合作請來信：business@strnetwork.cc  ≡
≡ 影片授權請來信：press@strnetwork.cc ≡
｜未經同意，請勿轉載｜

▍YouTube：https://www.youtube.com/c/STRNetworkasia
▍Facebook：https://www.facebook.com/strnetworkasia/
▍Instagram：https://www.instagram.com/str_network/",2024-01-11T13:46:54Z,739662,746
【#賀瓏夜夜秀】欸！特偵組,4m0ib2mt0M0,"本季《賀瓏夜夜秀》智商門檻最高的欸。

｜🍺賀瓏夜夜秀 專屬週邊🍺｜
▌#賀瓏杯杯 正式發售！
🔴 搶先預購 ➟ https://str.network/NTLbi

｜✨薩泰爾娛樂官網 近期新片✨｜
▌《G8高峰會》線上版 早鳥預購只要 245 元🔥
現在買最優惠 👉 https://str.network/SYHU2

▌《曾博恩：破蛋之路》正式上架
🔴 現正熱賣中 ➟ https://str.network/U3t33

｜🍿️薩泰爾娛樂官網 即將上架🍿️｜
⚐ 2024/01/19 #God癲臭直男｜傑克
⚐ 2024/02/02 #G8高峰會
⚐ 2024/02/05 #三流笑話｜藍恩、華旭、品喬
⚐ 2024/03/15 #工作人員｜李安
⚐ 2024/04/12 #我朋友的孩子都長大了｜仁頡
🔔 訂閱上片通知 ➟ https://str.network/srn

｜導演｜賀瓏
｜製作人｜潘瑋翔
｜編劇｜老K、德礎、藍恩、品喬
｜研究員｜陳庠佑、周孟璇
｜演員｜賀瓏
｜剪輯｜卜帆
｜妝髮｜黑占寶號

-----
⧉ #薩泰爾娛樂 ⧉
≡  商業合作請來信：business@strnetwork.cc  ≡
≡ 影片授權請來信：press@strnetwork.cc ≡
｜未經同意，請勿轉載｜

▍YouTube：https://www.youtube.com/c/STRNetworkasia
▍Facebook：https://www.facebook.com/strnetworkasia/
▍Instagram：https://www.instagram.com/str_network/",2024-01-11T13:46:39Z,1246004,4760
【#賀瓏夜夜秀】六位總統大亂鬥 聊天辯論會,rv65HxmOZsg,"吃ＸＸ是我們很特殊的文化
﹏﹏﹏﹏﹏﹏﹏﹏﹏﹏﹏﹏
本集影片由 DeFit 邀約製作
﹋﹋﹋﹋﹋﹋﹋﹋﹋﹋﹋﹋
❤️ #DeFit x #破蛋者 🐣
幫你走路，通通免費 ➡️ https://bit.ly/hello_defit

👠 不用出門的免費走路工
🏅 #每天200公里 每個禮拜至少1000公里
🌍 滿意度最高，造福世界 #百萬用戶
🕶️ #隱蔽模式 讓你輕鬆成為破蛋者

｜🎁 薩泰爾娛樂 歲末年終慶 🎁｜
⚡️全站影音商品 9 折，還能抽 0元全站看到飽！
了解活動詳情 ➪ https://str.network/STRHOLIDAY

｜🍺賀瓏夜夜秀 專屬週邊🍺｜
▌#賀瓏杯杯 正式發售！
🔴 搶先預購 ➟ https://str.network/NTLbi

｜🍿️薩泰爾娛樂官網 即將上架🍿️｜
⚐ 2024/01/19 #God癲臭直男｜傑克
⚐ 2024/02/02 #G8高峰會
⚐ 2024/02/05 #三流笑話｜藍恩、華旭、品喬
⚐ 2024/03/15 #工作人員｜李安
⚐ 2024/04/12 #我朋友的孩子都長大了｜仁頡
🔔 訂閱上片通知 ➟ https://str.network/srn

｜導演｜賀瓏
｜製作人｜潘瑋翔
｜編劇｜老K、德礎、藍恩、品喬
｜演員｜賀瓏
｜剪接｜強尼、卜帆
｜妝髮｜黑占寶號
-----
⧉ #薩泰爾娛樂 ⧉
≡  商業合作請來信：business@strnetwork.cc  ≡
≡ 影片授權請來信：press@strnetwork.cc ≡
｜未經同意，請勿轉載｜

▍YouTube：https://www.youtube.com/c/STRNetworkasia
▍Facebook：https://www.facebook.com/strnetworkasia/
▍Instagram：https://www.instagram.com/str_network/",2024-01-19T13:09:14Z,1320663,1329
【#賀瓏夜夜秀】黃明志 覺得台灣政治蠻好笑,Von6SpzJOiY,"敢祝賀國慶的歌手越來越少見了

｜🍺賀瓏夜夜秀 專屬週邊🍺｜
▌#賀瓏杯杯 正式發售！
🔴 搶先預購 ➟ https://str.network/NTLbi

｜✨薩泰爾娛樂官網 近期新片✨｜
▌《G8高峰會》線上版 早鳥預購只要 245 元🔥
現在買最優惠 👉 https://str.network/SYHU2

▌《曾博恩：破蛋之路》正式上架
🔴 現正熱賣中 ➪ https://str.network/r0liH

｜🍿️薩泰爾娛樂官網 即將上架🍿️｜
⚐ 2024/01/19 #God癲臭直男｜傑克
⚐ 2024/02/02 #G8高峰會
⚐ 2024/02/05 #三流笑話｜藍恩、華旭、品喬
⚐ 2024/03/15 #工作人員｜李安
⚐ 2024/04/12 #我朋友的孩子都長大了｜仁頡
🔔 訂閱上片通知 ➟ https://str.network/srn

｜導演｜賀瓏
｜製作人｜潘瑋翔
｜編劇｜老K
｜演員｜賀瓏、Albee
｜來賓｜黃明志
｜剪輯｜俗辣
｜妝髮｜黑占寶號

-----
⧉ #薩泰爾娛樂 ⧉
≡  商業合作請來信：business@strnetwork.cc  ≡
≡ 影片授權請來信：press@strnetwork.cc ≡
｜未經同意，請勿轉載｜

▍YouTube：https://www.youtube.com/c/STRNetworkasia
▍Facebook：https://www.facebook.com/strnetworkasia/
▍Instagram：https://www.instagram.com/str_network/",2024-01-19T13:09:01Z,926707,1057
【#賀瓏夜夜秀】薩小舞台：華旭,52QYshP3GYc,"自由工作者的焦慮

｜🍺賀瓏夜夜秀 專屬週邊🍺｜
▌#賀瓏杯杯 正式發售！
🔴 搶先預購 ➟ https://str.network/NTLbi

｜✨薩泰爾娛樂官網 近期新片✨｜
▌《G8高峰會》線上版 早鳥預購只要 245 元🔥
現在買最優惠 👉 https://str.network/SYHU2

▌《曾博恩：破蛋之路》正式上架
🔴 現正熱賣中 ➪ https://str.network/r0liH

｜🍿️薩泰爾娛樂官網 即將上架🍿️｜
⚐ 2024/01/19 #God癲臭直男｜傑克
⚐ 2024/02/02 #G8高峰會
⚐ 2024/02/05 #三流笑話｜藍恩、華旭、品喬
⚐ 2024/03/15 #工作人員｜李安
⚐ 2024/04/12 #我朋友的孩子都長大了｜仁頡
🔔 訂閱上片通知 ➟ https://str.network/srn

｜導演｜賀瓏
｜製作人｜潘瑋翔
｜演員｜賀瓏
｜來賓｜華旭
｜剪輯｜強尼
｜妝髮｜黑占寶號

-----
⧉ #薩泰爾娛樂 ⧉
≡  商業合作請來信：business@strnetwork.cc  ≡
≡ 影片授權請來信：press@strnetwork.cc ≡
｜未經同意，請勿轉載｜

▍YouTube：https://www.youtube.com/c/STRNetworkasia
▍Facebook：https://www.facebook.com/strnetworkasia/
▍Instagram：https://www.instagram.com/str_network/",2024-01-19T13:08:49Z,162005,222
【#賀瓏夜夜秀】#酸民百萬富翁｜黃明志 @namewee,eTYKnS5biY4,"某某就是唱氣氛的，他們唱功沒很好？
﹏﹏﹏﹏﹏﹏﹏﹏﹏﹏﹏﹏﹏﹏﹏﹏﹏
本集影片由 德國Emma床墊 邀約製作
﹋﹋﹋﹋﹋﹋﹋﹋﹋﹋﹋﹋﹋﹋﹋﹋﹋
\ 歐洲最熱銷的 #德國Emma 床墊 /
提供100天免費試睡 🛏️
✦ 全球累計賣出超過600萬張 ✦
✦ 全台免運費、免費到府安裝 ✦

Emma 祝大家龍年「龍好眠，趁大錢（台）」🐲
推出新年 55 折優惠 💥
輸入折扣碼「nightnightshow」額外再享 9 折
趕緊手刀下單 ➠ https://links.emma-sleep.com.tw/nightnightshow

#Emma床墊 #喚醒最好的自己 #emma床墊100日試睡

｜🍺賀瓏夜夜秀 專屬週邊🍺｜
▌#賀瓏杯杯 正式發售！
🔴 搶先預購 ➟ https://str.network/NTLbi

｜✨薩泰爾娛樂官網 近期新片✨｜
▌《G8高峰會》線上版 早鳥預購只要 245 元🔥
現在買最優惠 👉 https://str.network/SYHU2

｜🍿️薩泰爾娛樂官網 即將上架🍿️｜
⚐ 2024/01/19 #God癲臭直男｜傑克
⚐ 2024/02/02 #G8高峰會
⚐ 2024/02/05 #三流笑話｜藍恩、華旭、品喬
⚐ 2024/03/15 #工作人員｜李安
⚐ 2024/04/12 #我朋友的孩子都長大了｜仁頡
🔔 訂閱上片通知 ➟ https://str.network/srn

｜導演｜賀瓏
｜製作人｜潘瑋翔
｜編劇｜德礎
｜演員｜賀瓏
｜來賓｜黃明志 @namewee 
｜剪輯｜強尼
｜妝髮｜黑占寶號

-----
⧉ #薩泰爾娛樂 ⧉
≡  商業合作請來信：business@strnetwork.cc  ≡
≡ 影片授權請來信：press@strnetwork.cc ≡
｜未經同意，請勿轉載｜

▍YouTube：https://www.youtube.com/c/STRNetworkasia
▍Facebook：https://www.facebook.com/strnetworkasia/
▍Instagram：https://www.instagram.com/str_network/",2024-01-19T13:08:33Z,1430854,1259
【#賀瓏夜夜秀】1/20 新聞亂報 EP9｜落選夜夜秀謝票大會,kF4hhyViyFw,"啊怎麼又是你？

｜✨薩泰爾娛樂官網 近期新片✨｜
▌《G8高峰會》線上版 早鳥預購只要 245 元🔥
現在買最優惠 👉 https://str.network/SYHU2

｜🍿️薩泰爾娛樂官網 即將上架🍿️｜
⚐ 2024/02/02 #G8高峰會
⚐ 2024/02/05 #三流笑話｜藍恩、華旭、品喬
⚐ 2024/03/15 #工作人員｜李安
⚐ 2024/04/12 #我朋友的孩子都長大了｜仁頡
🔔 訂閱上片通知 ➟ https://str.network/srn

｜導演｜賀瓏
｜製作人｜潘瑋翔
｜編劇｜老K、德礎、藍恩、品喬
｜演員｜賀瓏、Albee、老K、德礎、藍恩、品喬、李安、強尼、子綾
｜剪輯｜強尼
｜妝髮｜黑占寶號
⠀
1:07 及 8:27 處之圖表，由《報導者》製作並提供授權
⠀
-----
⧉ #薩泰爾娛樂 ⧉
≡  商業合作請來信：business@strnetwork.cc  ≡
≡ 影片授權請來信：press@strnetwork.cc ≡
｜未經同意，請勿轉載｜


▍YouTube：https://www.youtube.com/c/STRNetworkasia
▍Facebook：https://www.facebook.com/strnetworkasia/
▍Instagram：https://www.instagram.com/str_network/",2024-01-26T13:37:13Z,1229811,1980
【#賀瓏夜夜秀】王志安 來台灣觀察民主選舉，向中國人談治國理政,DN42VRX20Zk,"親，兩岸一家親？

｜🍺賀瓏夜夜秀 專屬週邊🍺｜
▌#賀瓏杯杯 正式發售！
🔴 搶先預購 ➟ https://str.network/NTLbi

｜✨薩泰爾娛樂官網 近期新片✨｜
▌《G8高峰會》線上版 早鳥預購只要 245 元🔥
現在買最優惠 👉 https://str.network/SYHU2

▌《曾博恩：破蛋之路》正式上架
下單就能收看 ➟ https://str.network/U3t33

｜🍿️薩泰爾娛樂官網 即將上架🍿️｜
⚐ 2024/02/02 #G8高峰會
⚐ 2024/02/05 #三流笑話｜藍恩、華旭、品喬
⚐ 2024/03/15 #工作人員｜李安
⚐ 2024/04/12 #我朋友的孩子都長大了｜仁頡
🔔 訂閱上片通知 ➟ https://str.network/srn

｜導演｜賀瓏
｜製作人｜潘瑋翔
｜編劇｜老Ｋ
｜演員｜賀瓏、Albee
｜來賓｜王志安
｜剪輯｜強尼
｜妝髮｜黑占寶號

-----
⧉ #薩泰爾娛樂 ⧉
≡  商業合作請來信：business@strnetwork.cc  ≡
≡ 影片授權請來信：press@strnetwork.cc ≡
｜未經同意，請勿轉載｜


▍YouTube：https://www.youtube.com/c/STRNetworkasia
▍Facebook：https://www.facebook.com/strnetworkasia/
▍Instagram：https://www.instagram.com/str_network/",2024-01-26T13:37:01Z,2999903,41397
【#賀瓏夜夜秀】2024新國歌讚頌者｜吉尼丁 @jinnyding0106,QfWWaoARJVk,"三民主義

｜🍺賀瓏夜夜秀 專屬週邊🍺｜
▌#賀瓏杯杯 正式發售！
🔴 搶先預購 ➟ https://str.network/NTLbi

｜✨薩泰爾娛樂官網 近期新片✨｜
▌《G8高峰會》線上版 早鳥預購只要 245 元🔥
現在買最優惠 👉 https://str.network/SYHU2

｜🍿️薩泰爾娛樂官網 即將上架🍿️｜
⚐ 2024/02/02 #G8高峰會
⚐ 2024/02/05 #三流笑話｜藍恩、華旭、品喬
⚐ 2024/03/15 #工作人員｜李安
⚐ 2024/04/12 #我朋友的孩子都長大了｜仁頡
🔔 訂閱上片通知 ➟ https://str.network/srn

｜演唱｜吉尼丁 @jinnyding0106、DJ Hauer @hauerhsieh
｜作詞｜老K @ThatsOldKay、DJ Hauer
｜編曲｜Elin、DJ Hauer
｜音效設計、混音｜DJ Hauer

-----
⧉ #薩泰爾娛樂 ⧉
≡  商業合作請來信：business@strnetwork.cc  ≡
≡ 影片授權請來信：press@strnetwork.cc ≡
｜未經同意，請勿轉載｜

▍YouTube：https://www.youtube.com/c/STRNetworkasia
▍Facebook：https://www.facebook.com/strnetworkasia/
▍Instagram：https://www.instagram.com/str_network/",2024-01-26T13:36:50Z,315673,1460
【#賀瓏夜夜秀】鄭運鵬 兒子的爸爸從小志向是脫口秀主持人,R3ptU6HesPU,"Threads 上面第一寫手

｜導演｜賀瓏
｜製作人｜潘瑋翔
｜編劇｜德礎
｜演員｜賀瓏、Albee
｜來賓｜鄭運鵬
｜剪輯｜強尼
｜妝髮｜黑占寶號

-----
⧉ #薩泰爾娛樂 ⧉
≡  商業合作請來信：business@strnetwork.cc  ≡
≡ 影片授權請來信：press@strnetwork.cc ≡
｜未經同意，請勿轉載｜

▍YouTube：https://www.youtube.com/c/STRNetworkasia
▍Facebook：https://www.facebook.com/strnetworkasia/
▍Instagram：https://www.instagram.com/str_network/",2024-01-26T13:36:39Z,806496,3896
【#賀瓏夜夜秀】欸！投開票,RpPS4bQ2tYE,"投票的方式就該由投票來決定

｜導演｜賀瓏
｜製作人｜潘瑋翔
｜編劇｜老K、德礎、藍恩、品喬
｜研究員｜陳庠佑、周孟璇
｜演員｜賀瓏
｜剪輯｜卜帆
｜妝髮｜黑占寶號

-----
⧉ #薩泰爾娛樂 ⧉
≡  商業合作請來信：business@strnetwork.cc  ≡
≡ 影片授權請來信：press@strnetwork.cc ≡
｜未經同意，請勿轉載｜

▍YouTube：https://www.youtube.com/c/STRNetworkasia
▍Facebook：https://www.facebook.com/strnetworkasia/
▍Instagram：https://www.instagram.com/str_network/",2024-01-26T13:36:26Z,860192,5259
【#賀瓏夜夜秀】#酸民百萬富翁｜鄭運鵬 @taoyuannicepon,9hQgEFUhvPQ,"某某贏了還在罵對手，一點風度都沒有？

｜導演｜賀瓏
｜製作人｜潘瑋翔
｜編劇｜德礎
｜演員｜賀瓏、Albee
｜來賓｜鄭運鵬
｜剪輯｜強尼
｜妝髮｜黑占寶號

-----
⧉ #薩泰爾娛樂 ⧉
≡  商業合作請來信：business@strnetwork.cc  ≡
≡ 影片授權請來信：press@strnetwork.cc ≡
｜未經同意，請勿轉載｜

▍YouTube：https://www.youtube.com/c/STRNetworkasia
▍Facebook：https://www.facebook.com/strnetworkasia/
▍Instagram：https://www.instagram.com/str_network/",2024-01-26T13:36:15Z,444946,1832
【#賀瓏夜夜秀】1/27 新聞亂報 EP10｜新聞自報,qQ87mj_JBDM,"嗯

｜導演｜賀瓏
｜製作人｜潘瑋翔
｜編劇｜老K、德礎、品喬
｜演員｜賀瓏
｜剪輯｜強尼
｜妝髮｜黑占寶號

-----
⧉ #薩泰爾娛樂 ⧉
≡  商業合作請來信：business@strnetwork.cc  ≡
≡ 影片授權請來信：press@strnetwork.cc ≡
｜未經同意，請勿轉載｜

▍YouTube：https://www.youtube.com/c/STRNetworkasia
▍Facebook：https://www.facebook.com/strnetworkasia/
▍Instagram：https://www.instagram.com/str_network/",2024-02-02T12:34:31Z,1252385,14163
【#賀瓏夜夜秀】吳宗憲 大喊內容不精彩就退票,_dtVmkKbHPc,"嘿嘿見鬼啦

｜導演｜賀瓏
｜製作人｜潘瑋翔
｜編劇｜老K
｜演員｜賀瓏、Albee
｜來賓｜吳宗憲
｜剪輯｜強尼
｜妝髮｜黑占寶號

-----
⧉ #薩泰爾娛樂 ⧉
≡  商業合作請來信：business@strnetwork.cc  ≡
≡ 影片授權請來信：press@strnetwork.cc ≡
｜未經同意，請勿轉載｜

▍YouTube：https://www.youtube.com/c/STRNetworkasia
▍Facebook：https://www.facebook.com/strnetworkasia/
▍Instagram：https://www.instagram.com/str_network/",2024-02-02T12:34:16Z,1375796,4080
【#賀瓏夜夜秀】#酸民百萬富翁｜吳宗憲,WfT7aPIxRxA,"某某什麼時候才肯退休呀？
﹏﹏﹏﹏﹏﹏﹏﹏﹏﹏﹏﹏﹏﹏﹏﹏﹏﹏﹏﹏
本集影片由 可樂研究社、Backbone 邀約製作
﹋﹋﹋﹋﹋﹋﹋﹋﹋﹋﹋﹋﹋﹋﹋﹋﹋﹋﹋﹋
Dr.Gracie極粹紅G瑪卡｜許藍方博士親自研發 🔍

✦ 專為女性設計｜六大美妍配方
✦ 幫助調節情緒、舒緩心情、增加魅力及提振精神
✦ 3600mg 紅瑪卡足量添加，從根本調節女性生理機能
✦ 海藻鈣、海藻鎂，搭配芝麻素及色胺酸多方提升睡眠品質
✦ 一天兩包｜白色出門吃以氣色提升自信 ; 紅色睡前吃增加舒眠效果

3/15 前購買輸入折扣碼 ""hello"" 滿千再折百
➠ https://colaresearchclubs.com/WGmaca

-------------------------------------------------------------------

Kangaroo™️ PUNCH! 直覺款 重磅上市 ❗️

台灣設計｜外銷全球30國家
台灣史上賣最好的人體工學椅 Kangaroo
#全面升級 👉🏻 Kangaroo™️｜PUNCH 直覺款

Backbone 可以客製化專屬人體工學椅、電動升降桌
全新年度挑選最多人選擇的配置
打造十年一擊的超強人體工學椅 - KANGAROO PUNCH！

#產品重點一次看 #全方位超貼合
▶ 最直覺，萬人客製指定選配
▶ 免調整，最快速的工學反饋
▶ 金腰帶，工學椅界擂台冠軍

限時搶購！現正下單即送風格快拆布套

直覺下單 ➠ https://lihi2.com/ZjkvG
商城首頁 ➠ https://lihi2.com/rqmH9
官方網站 ➠ https://lihi2.com/fE5vS

｜導演｜賀瓏
｜製作人｜潘瑋翔
｜編劇｜德礎
｜演員｜賀瓏、Albee
｜來賓｜吳宗憲
｜剪輯｜強尼
｜妝髮｜黑占寶號

-----
⧉ #薩泰爾娛樂 ⧉
≡  商業合作請來信：business@strnetwork.cc  ≡
≡ 影片授權請來信：press@strnetwork.cc ≡
｜未經同意，請勿轉載｜

▍YouTube：https://www.youtube.com/c/STRNetworkasia
▍Facebook：https://www.facebook.com/strnetworkasia/
▍Instagram：https://www.instagram.com/str_network/",2024-02-02T12:33:58Z,852333,1401
【#賀瓏夜夜秀】范琪斐 不要因為害怕出事就不講話｜ @fanamericantime,gx2mRIIEDTc,"わくわく

｜導演｜賀瓏
｜製作人｜潘瑋翔
｜編劇｜老Ｋ
｜演員｜賀瓏、Albee
｜來賓｜范琪斐
｜剪輯｜強尼
｜妝髮｜黑占寶號

-----
⧉ #薩泰爾娛樂 ⧉
≡  商業合作請來信：business@strnetwork.cc  ≡
≡ 影片授權請來信：press@strnetwork.cc ≡
｜未經同意，請勿轉載｜

▍YouTube：https://www.youtube.com/c/STRNetworkasia
▍Facebook：https://www.facebook.com/strnetworkasia/
▍Instagram：https://www.instagram.com/str_network/",2024-02-02T12:33:43Z,609413,2767
【#賀瓏夜夜秀】欸！體育協會,OyqSbwFKPrk,"體、育、協、會！體育協～會！

｜✨薩泰爾娛樂官網 近期新片✨｜
▌《G8高峰會》線上版 早鳥預購只要 245 元🔥
現在買最優惠 👉 https://str.network/SYHU2

▌《曾博恩：破蛋之路》正式上架
🔴 現正熱賣中 ➪ https://str.network/r0liH

｜🍿️薩泰爾娛樂官網 即將上架🍿️｜
⚐ 2024/02/02 #G8高峰會
⚐ 2024/02/05 #三流笑話｜藍恩、華旭、品喬
⚐ 2024/03/15 #工作人員｜李安
⚐ 2024/04/12 #我朋友的孩子都長大了｜仁頡
🔔 訂閱上片通知 ➟ https://str.network/srn

｜導演｜賀瓏
｜製作人｜潘瑋翔
｜編劇｜老K、德礎、藍恩、品喬
｜研究員｜陳庠佑、周孟璇
｜演員｜賀瓏、顏若珊、李若綺、張瑜珊、吳亭儀、王品喬、鄭詠之、張紫麒、譚靜媚
｜剪輯｜卜帆
｜妝髮｜黑占寶號

-----
⧉ #薩泰爾娛樂 ⧉
≡  商業合作請來信：business@strnetwork.cc  ≡
≡ 影片授權請來信：press@strnetwork.cc ≡
｜未經同意，請勿轉載｜

▍YouTube：https://www.youtube.com/c/STRNetworkasia
▍Facebook：https://www.facebook.com/strnetworkasia/
▍Instagram：https://www.instagram.com/str_network/",2024-02-02T12:33:27Z,823650,1671
【#賀瓏夜夜秀】薩小舞台：藍恩,vsMT40QqdbM,"笑話會越講越好笑

｜✨薩泰爾娛樂官網 近期新片✨｜
▌《G8高峰會》線上版 現正熱播中 🔥
首月優惠只要 279 元 👉 https://str.network/SYHU2

▌《曾博恩：破蛋之路》正式上架
🔴 現正熱賣中 ➪ https://str.network/r0liH

｜🍿️薩泰爾娛樂官網 即將上架🍿️｜
⚐ 2024/02/02 #G8高峰會
⚐ 2024/02/05 #三流笑話｜藍恩、華旭、品喬
⚐ 2024/03/15 #工作人員｜李安
⚐ 2024/04/12 #我朋友的孩子都長大了｜仁頡
🔔 訂閱上片通知 ➟ https://str.network/srn

｜導演｜賀瓏
｜製作人｜潘瑋翔
｜編劇｜藍恩
｜演員｜賀瓏
｜來賓｜藍恩
｜剪輯｜強尼
｜妝髮｜黑占寶號

-----
⧉ #薩泰爾娛樂 ⧉
≡  商業合作請來信：business@strnetwork.cc  ≡
≡ 影片授權請來信：press@strnetwork.cc ≡
｜未經同意，請勿轉載｜

▍YouTube：https://www.youtube.com/c/STRNetworkasia
▍Facebook：https://www.facebook.com/strnetworkasia/
▍Instagram：https://www.instagram.com/str_network/",2024-02-02T12:33:06Z,171998,460
【#賀瓏夜夜秀】薩小舞台：德礎,2Tpbg8_YGIs,"BL小說達人

｜✨薩泰爾娛樂官網 近期新片✨｜
▌《G8高峰會》線上版 現正熱播中 🔥
首月優惠只要 279 元 👉 https://str.network/SYHU2

▌《曾博恩：破蛋之路》正式上架
🔴 現正熱賣中 ➪ https://str.network/U3t33

｜🍿️薩泰爾娛樂官網 即將上架🍿️｜
⚐ 2024/02/05 #三流笑話｜藍恩、華旭、品喬
⚐ 2024/03/15 #工作人員｜李安
⚐ 2024/04/12 #我朋友的孩子都長大了｜仁頡
🔔 訂閱上片通知 ➟ https://str.network/srn

｜導演｜賀瓏
｜製作人｜潘瑋翔
｜編劇｜德礎
｜演員｜賀瓏
｜來賓｜德礎
｜剪輯｜強尼
｜妝髮｜黑占寶號

-----
⧉ #薩泰爾娛樂 ⧉
≡  商業合作請來信：business@strnetwork.cc  ≡
≡ 影片授權請來信：press@strnetwork.cc ≡
｜未經同意，請勿轉載｜

▍YouTube：https://www.youtube.com/c/STRNetworkasia
▍Facebook：https://www.facebook.com/strnetworkasia/
▍Instagram：https://www.instagram.com/str_network/",2024-02-15T11:15:38Z,145565,223
【#賀瓏夜夜秀】第一季結尾感言,xqGIk7p62Qo,"休息一下，下一季回來。

｜✨薩泰爾娛樂官網 近期新片✨｜
▌《G8高峰會》線上版 現正熱播中 🔥
首月優惠只要 279 元 👉 https://str.network/SYHU2

▌《曾博恩：破蛋之路》正式上架
🔴 現正熱賣中 ➪ https://str.network/r0liH

｜🍿️薩泰爾娛樂官網 即將上架🍿️｜
⚐ 2024/03/15 #工作人員｜李安
⚐ 2024/04/12 #我朋友的孩子都長大了｜仁頡
🔔 訂閱上片通知 ➟ https://str.network/srn

｜導演｜賀瓏
｜製作人｜潘瑋翔
｜編劇｜賀瓏
｜演員｜賀瓏
｜剪輯｜強尼
｜妝髮｜黑占寶號

-----
⧉ #薩泰爾娛樂 ⧉
≡  商業合作請來信：business@strnetwork.cc  ≡
≡ 影片授權請來信：press@strnetwork.cc ≡
｜未經同意，請勿轉載｜

▍YouTube：https://www.youtube.com/c/STRNetworkasia
▍Facebook：https://www.facebook.com/strnetworkasia/
▍Instagram：https://www.instagram.com/str_network/",2024-02-15T11:15:27Z,575335,4193
